"","census_county_fips","primary16_clinton","primary16_sanders"
"1",20173,0.485,0.463571429
"2",42113,0.503,0.476
"3",21183,0.413,0.5
"4",48247,0.75,0.188
"5",1081,0.736,0.254
"6",13265,0.864,0.128
"7",47137,0.756,0.226
"8",8071,0.386,0.512
"9",13247,0.78,0.218
"10",13047,0.508,0.481
"11",2060,0.2206,0.779293333
"12",48423,0.736,0.254
"13",26161,0.437,0.554
"14",30069,0.471,0.471
"15",38067,0.444583333,0.477083333
"16",55079,0.517,0.48
"17",53065,0.184,0.808
"18",46123,0.481,0.519
"19",35051,0.43,0.57
"20",31113,0.667,0.333
"21",13303,0.864,0.127
"22",30051,0.479,0.454
"23",19113,0.474,0.523
"24",35027,0.494,0.506
"25",40139,0.317,0.467
"26",27065,0.465952381,0.464285714
"27",24027,0.603,0.366
"28",20181,0.478978495,0.459301075
"29",28049,0.841,0.153
"30",31175,0.614,0.386
"31",17061,0.469,0.494
"32",18071,0.515,0.485
"33",36095,0.364,0.636
"34",5051,0.687,0.301
"35",55005,0.462,0.532
"36",20067,0.478978495,0.459301075
"37",47093,0.51,0.479
"38",5145,0.69,0.279
"39",27075,0.465952381,0.464285714
"40",48025,0.751,0.212
"41",49005,0.177,0.815
"42",51530,0.584,0.408
"43",18059,0.408,0.592
"44",20121,0.51,0.42
"45",4001,0.664,0.288
"46",48033,0.8,0.2
"47",22085,0.498,0.333
"48",28121,0.771,0.223
"49",31103,0.444,0.556
"50",48029,0.668,0.321
"51",19077,0.55,0.45
"52",12065,0.646,0.295
"53",38055,0.444583333,0.477083333
"54",39095,0.569,0.427
"55",29053,0.501,0.486
"56",36061,0.663,0.337
"57",24013,0.463,0.475
"58",13145,0.75,0.245
"59",27089,0.465952381,0.464285714
"60",45037,0.818,0.167
"61",47029,0.556,0.433
"62",5097,0.66,0.296
"63",32019,0.476,0.524
"64",48289,0.743,0.229
"65",6047,0.57,0.413
"66",42045,0.597,0.398
"67",6055,0.602,0.39
"68",4009,0.491,0.446
"69",42053,0.521,0.459
"70",37165,0.63,0.269
"71",17059,0.403,0.504
"72",55133,0.484,0.514
"73",45051,0.672,0.324
"74",55055,0.387,0.611
"75",39061,0.595,0.402
"76",48213,0.716,0.269
"77",13295,0.53,0.455
"78",21187,0.346,0.55
"79",48173,0.5,0.5
"80",37175,0.458,0.499
"81",8043,0.412,0.571
"82",47183,0.632,0.332
"83",27147,0.465952381,0.464285714
"84",12061,0.624,0.355
"85",51735,0.465,0.528
"86",19115,0.56,0.42
"87",51153,0.638,0.355
"88",20205,0.478978495,0.459301075
"89",34007,0.624,0.376
"90",1091,0.658,0.2
"91",42131,0.483,0.503
"92",46093,0.432,0.568
"93",46087,0.618,0.382
"94",29055,0.412,0.562
"95",19009,0.625,0.375
"96",48505,0.678,0.236
"97",13049,0.737,0.225
"98",36065,0.454,0.546
"99",42049,0.518,0.473
"100",48335,0.741,0.211
"101",29141,0.515,0.471
"102",27137,0.425,0.505
"103",49051,0.233,0.764
"104",21215,0.427,0.512
"105",13319,0.833,0.155
"106",47005,0.635,0.325
"107",19051,0.58,0.42
"108",6045,0.364,0.629
"109",53049,0.189,0.811
"110",18131,0.426,0.574
"111",36119,0.674,0.326
"112",8027,0.43,0.57
"113",48507,0.755,0.181
"114",41071,0.452,0.548
"115",48359,0.688,0.25
"116",54083,0.318,0.523
"117",48341,0.598,0.325
"118",51127,0.678,0.314
"119",18011,0.448,0.552
"120",12021,0.661,0.319
"121",20207,0.478978495,0.459301075
"122",37199,0.405,0.495
"123",17161,0.516,0.471
"124",26071,0.483,0.5
"125",5003,0.474,0.338
"126",5013,0.45,0.34
"127",37103,0.58,0.32
"128",20149,0.458,0.47
"129",12041,0.375,0.507
"130",47081,0.609,0.362
"131",48323,0.695,0.242
"132",48065,0.625,0.375
"133",38007,0.444583333,0.477083333
"134",51011,0.67,0.321
"135",38031,0.444583333,0.477083333
"136",48339,0.595,0.398
"137",27091,0.465952381,0.464285714
"138",20035,0.48,0.46
"139",19065,0.526,0.469
"140",13187,0.506,0.481
"141",37057,0.503,0.435
"142",19125,0.5,0.48
"143",18105,0.347,0.653
"144",13191,0.844,0.146
"145",13275,0.782,0.21
"146",48181,0.528,0.459
"147",21133,0.267,0.569
"148",20023,0.478978495,0.459301075
"149",25001,0.49012264,0.499820607
"150",47073,0.587,0.38
"151",29145,0.439,0.55
"152",47149,0.572,0.417
"153",51099,0.594,0.397
"154",31139,0.333,0.667
"155",28085,0.851,0.145
"156",17113,0.371,0.624
"157",42077,0.524,0.47
"158",47097,0.829,0.155
"159",12105,0.63,0.333
"160",17101,0.47,0.483
"161",42087,0.483,0.499
"162",47041,0.691,0.309
"163",48053,0.594,0.393
"164",29171,0.468,0.495
"165",11063,0.779895432,0.21008905
"166",26081,0.373,0.625
"167",37037,0.55,0.409
"168",17045,0.474,0.497
"169",20031,0.478978495,0.459301075
"170",19149,0.554,0.446
"171",51163,0.571,0.428
"172",26085,0.501,0.47
"173",37151,0.466,0.458
"174",6035,0.455,0.508
"175",26109,0.487,0.47
"176",6111,0.538,0.452
"177",39123,0.554,0.434
"178",48091,0.6,0.39
"179",29203,0.506,0.465
"180",5045,0.586,0.398
"181",42017,0.559,0.431
"182",36055,0.518,0.482
"183",50021,0.140068389,0.849923983
"184",13215,0.791,0.205
"185",19143,0.566,0.384
"186",27021,0.465952381,0.464285714
"187",31051,0.459,0.541
"188",34003,0.618,0.382
"189",30017,0.511,0.41
"190",40027,0.376,0.593
"191",28023,0.863,0.125
"192",26029,0.367,0.609
"193",40003,0.28,0.581
"194",36107,0.403,0.597
"195",17107,0.428,0.564
"196",54073,0.333,0.552
"197",39139,0.555,0.433
"198",29007,0.496,0.482
"199",18089,0.567,0.433
"200",31057,0.933,0.067
"201",30073,0.498,0.455
"202",12123,0.459,0.424
"203",2070,0.22011646,0.779860248
"204",48155,0.343,0.481
"205",21021,0.499,0.439
"206",38029,0.444583333,0.477083333
"207",55027,0.418,0.579
"208",34009,0.55,0.45
"209",27117,0.465952381,0.464285714
"210",10003,0.595,0.397
"211",51133,0.75,0.243
"212",48023,0.613,0.32
"213",29065,0.405,0.556
"214",18163,0.457,0.543
"215",16007,0.324,0.676
"216",29095,0.529,0.464
"217",42019,0.521,0.464
"218",38071,0.444583333,0.477083333
"219",51031,0.657,0.338
"220",48047,0.744,0.168
"221",38045,0.49,0.46
"222",22017,0.798,0.168
"223",46017,0.608,0.392
"224",27103,0.465952381,0.464285714
"225",21177,0.433,0.457
"226",50017,0.110084016,0.889902246
"227",37187,0.621,0.27
"228",48147,0.63,0.346
"229",33017,0.356806941,0.643193059
"230",30003,0.443,0.515
"231",48153,0.659,0.264
"232",40109,0.501,0.474
"233",20171,0.478978495,0.459301075
"234",8109,0.174,0.811
"235",27101,0.465952381,0.464285714
"236",41003,0.388,0.612
"237",20017,0.478978495,0.459301075
"238",36075,0.442,0.558
"239",45021,0.779,0.214
"240",18043,0.527,0.473
"241",20013,0.478978495,0.459301075
"242",28151,0.877,0.12
"243",18143,0.552,0.448
"244",13119,0.627,0.362
"245",46105,0.316,0.684
"246",31007,0.571,0.429
"247",37041,0.618,0.298
"248",19167,0.481,0.506
"249",36045,0.491,0.509
"250",51149,0.777,0.221
"251",51187,0.48,0.514
"252",46113,0.425,0.575
"253",47003,0.678,0.293
"254",36023,0.427,0.573
"255",6019,0.595,0.392
"256",13239,0.91,0.071
"257",48413,0.644,0.267
"258",38039,0.444583333,0.477083333
"259",28117,0.71,0.262
"260",16027,0.173,0.818
"261",34005,0.62,0.38
"262",54003,0.44,0.492
"263",5117,0.517,0.357
"264",48037,0.761,0.214
"265",48199,0.595,0.379
"266",4011,0.546,0.357
"267",47049,0.632,0.343
"268",12115,0.611,0.373
"269",48275,0.716,0.179
"270",40105,0.382,0.499
"271",19035,0.454,0.546
"272",48087,0.59,0.393
"273",36001,0.475,0.525
"274",2280,0.188197318,0.81178677
"275",40013,0.312,0.568
"276",55091,0.436,0.561
"277",26025,0.464,0.515
"278",20005,0.44,0.49
"279",51800,0.795,0.2
"280",13113,0.711,0.286
"281",30081,0.452,0.52
"282",13021,0.828,0.168
"283",17115,0.538,0.452
"284",20057,0.53,0.45
"285",42003,0.551,0.441
"286",26131,0.444,0.491
"287",47099,0.536,0.359
"288",21007,0.32,0.52
"289",36015,0.496,0.504
"290",42039,0.484,0.5
"291",46035,0.552,0.448
"292",17149,0.508,0.463
"293",31041,0.351,0.649
"294",47141,0.519,0.459
"295",37137,0.53,0.389
"296",50009,0.139964753,0.860025176
"297",42095,0.512,0.478
"298",6017,0.515,0.472
"299",40007,0.289,0.522
"300",29157,0.493,0.494
"301",40103,0.353,0.548
"302",26063,0.46,0.519
"303",48203,0.788,0.204
"304",21211,0.478,0.445
"305",8095,0.344,0.563
"306",42055,0.517,0.47
"307",1111,0.706,0.187
"308",28055,0.884,0.101
"309",47079,0.662,0.3
"310",6099,0.549,0.433
"311",22063,0.454,0.387
"312",24005,0.578,0.37
"313",34031,0.677,0.323
"314",48273,0.707,0.256
"315",35029,0.562,0.438
"316",37031,0.485,0.444
"317",12119,0.681,0.293
"318",41065,0.412,0.588
"319",18013,0.388,0.612
"320",31009,0.444,0.556
"321",26149,0.377,0.605
"322",17021,0.468,0.512
"323",53017,0.267,0.733
"324",26019,0.335,0.648
"325",31015,0.565,0.435
"326",48495,0.698,0.256
"327",54109,0.246,0.52
"328",51027,0.704,0.283
"329",5019,0.752,0.225
"330",8041,0.384,0.611
"331",35006,0.515,0.485
"332",42099,0.426,0.562
"333",55103,0.416,0.582
"334",55023,0.414,0.578
"335",26125,0.514,0.468
"336",21065,0.476,0.47
"337",48351,0.462,0.404
"338",1059,0.484,0.301
"339",31045,0.314,0.686
"340",27111,0.465952381,0.464285714
"341",48035,0.626,0.353
"342",1077,0.652,0.309
"343",20001,0.44,0.46
"344",13069,0.77,0.217
"345",36013,0.46,0.54
"346",31005,0.25,0.75
"347",29033,0.463,0.507
"348",35003,0.386,0.614
"349",1033,0.65,0.225
"350",48051,0.74,0.235
"351",13055,0.637,0.34
"352",13181,0.845,0.146
"353",37179,0.558,0.406
"354",26093,0.381,0.594
"355",48175,0.664,0.258
"356",48353,0.655,0.296
"357",48411,0.674,0.314
"358",13201,0.776,0.18
"359",17183,0.512,0.472
"360",19145,0.494,0.506
"361",40123,0.296,0.598
"362",41053,0.455,0.545
"363",47121,0.663,0.303
"364",51105,0.635,0.342
"365",46027,0.506,0.494
"366",24045,0.588,0.349
"367",51680,0.616,0.381
"368",5081,0.531,0.325
"369",48435,0.692,0.256
"370",29199,0.441,0.547
"371",30085,0.412,0.521
"372",13285,0.789,0.2
"373",48491,0.527,0.467
"374",39131,0.568,0.403
"375",51083,0.808,0.186
"376",54065,0.393,0.551
"377",12095,0.638,0.351
"378",20119,0.56,0.39
"379",6001,0.537,0.458
"380",15009,0.212,0.785
"381",48229,0.538,0.355
"382",32027,0.478,0.493
"383",48387,0.79,0.182
"384",40101,0.448,0.466
"385",47035,0.578,0.391
"386",20145,0.478978495,0.459301075
"387",37051,0.639,0.31
"388",8103,0.308,0.692
"389",22029,0.767,0.138
"390",20169,0.466666667,0.48
"391",22069,0.681,0.226
"392",19043,0.49,0.51
"393",47017,0.676,0.288
"394",17137,0.412,0.575
"395",24015,0.454,0.452
"396",1095,0.621,0.341
"397",42073,0.587,0.399
"398",19037,0.601,0.389
"399",16013,0.316,0.683
"400",36005,0.7,0.3
"401",20047,0.478978495,0.459301075
"402",1083,0.728,0.255
"403",18099,0.413,0.587
"404",8119,0.358,0.622
"405",27161,0.465952381,0.464285714
"406",35055,0.432,0.568
"407",39149,0.523,0.452
"408",28115,0.712,0.263
"409",35047,0.594,0.406
"410",48425,0.508,0.485
"411",55123,0.356,0.641
"412",19093,0.533,0.467
"413",39059,0.53,0.452
"414",17079,0.405,0.536
"415",21165,0.448,0.465
"416",12073,0.565,0.411
"417",48221,0.626,0.356
"418",22001,0.537,0.314
"419",20097,0.478978495,0.459301075
"420",40021,0.387,0.554
"421",37085,0.551,0.368
"422",39053,0.477,0.488
"423",13105,0.75,0.24
"424",21107,0.327,0.522
"425",5087,0.417,0.414
"426",51119,0.653,0.345
"427",20193,0.478978495,0.459301075
"428",13115,0.645,0.342
"429",19053,0.502,0.472
"430",40153,0.308,0.624
"431",8001,0.383,0.61
"432",40097,0.4,0.517
"433",1121,0.865,0.122
"434",47135,0.65,0.326
"435",13079,0.791,0.193
"436",27125,0.465952381,0.464285714
"437",18121,0.421,0.579
"438",31101,0.519,0.481
"439",35039,0.602,0.398
"440",39125,0.558,0.417
"441",30019,0.512,0.346
"442",5079,0.757,0.192
"443",17105,0.433,0.555
"444",18123,0.549,0.451
"445",51685,0.574,0.422
"446",19111,0.547,0.453
"447",41039,0.39,0.61
"448",28105,0.758,0.235
"449",8087,0.446,0.554
"450",31117,0.75,0.25
"451",30063,0.369,0.604
"452",28079,0.854,0.138
"453",27109,0.45,0.48
"454",12023,0.529,0.386
"455",22067,0.788,0.155
"456",17071,0.52,0.455
"457",55135,0.397,0.597
"458",6091,0.432,0.558
"459",30035,0.432,0.5
"460",5141,0.607,0.344
"461",48159,0.676,0.303
"462",53027,0.267,0.724
"463",53029,0.306,0.691
"464",54097,0.365,0.529
"465",20187,0.478978495,0.459301075
"466",12131,0.5,0.449
"467",17013,0.45,0.507
"468",13019,0.667,0.3
"469",22095,0.848,0.125
"470",32007,0.442,0.558
"471",35011,0.457,0.543
"472",34027,0.584,0.416
"473",40059,0.261,0.579
"474",48375,0.566,0.414
"475",27127,0.465952381,0.464285714
"476",12107,0.494,0.427
"477",20099,0.375,0.525
"478",45039,0.874,0.118
"479",13263,0.867,0.122
"480",49031,0,0
"481",30047,0.445,0.53
"482",48401,0.781,0.194
"483",39083,0.485,0.506
"484",48321,0.742,0.234
"485",48471,0.613,0.374
"486",36037,0.451,0.549
"487",31071,0,0
"488",37077,0.588,0.34
"489",31039,0.567,0.433
"490",8055,0.362,0.584
"491",48429,0.556,0.432
"492",48195,0.583,0.333
"493",20137,0.45,0.46
"494",13167,0.851,0.14
"495",22027,0.763,0.157
"496",16035,0.418,0.582
"497",56003,0.5,0.5
"498",18175,0.517,0.483
"499",13101,0.457,0.514
"500",47115,0.62,0.332
"501",22025,0.606,0.273
"502",29207,0.566,0.411
"503",8005,0.463,0.53
"504",40023,0.29,0.564
"505",19063,0.56,0.44
"506",51137,0.599,0.394
"507",1103,0.731,0.252
"508",19105,0.466,0.534
"509",47077,0.689,0.297
"510",47057,0.611,0.354
"511",6089,0.478,0.5
"512",38041,0.444583333,0.477083333
"513",48161,0.768,0.206
"514",51175,0.838,0.151
"515",36077,0.409,0.591
"516",5063,0.645,0.317
"517",8051,0.224,0.763
"518",55127,0.38,0.617
"519",8017,0.5,0.4
"520",13073,0.669,0.325
"521",18151,0.467,0.533
"522",31023,0.472,0.528
"523",53005,0.217,0.783
"524",2100,0.170260102,0.829739898
"525",17193,0.49,0.46
"526",31167,0.352,0.648
"527",48355,0.705,0.278
"528",46091,0.629,0.371
"529",18167,0.448,0.552
"530",27085,0.465952381,0.464285714
"531",28099,0.781,0.209
"532",13253,0.844,0.145
"533",6095,0.568,0.423
"534",47171,0.46,0.513
"535",48077,0.628,0.335
"536",35009,0.467,0.533
"537",13283,0.822,0.159
"538",46119,0.42,0.58
"539",39023,0.587,0.405
"540",44009,0.380064837,0.609913948
"541",46109,0.497,0.503
"542",40031,0.449,0.485
"543",39037,0.542,0.434
"544",8085,0.447,0.549
"545",51061,0.545,0.447
"546",26099,0.488,0.474
"547",13053,0.813,0.179
"548",22083,0.761,0.148
"549",48103,0.66,0.255
"550",55039,0.427,0.571
"551",47031,0.625,0.346
"552",48303,0.574,0.409
"553",21143,0.405,0.457
"554",20141,0.478978495,0.459301075
"555",13293,0.808,0.183
"556",54075,0.348,0.548
"557",13125,0.623,0.311
"558",42117,0.433,0.553
"559",17167,0.469,0.526
"560",19157,0.472,0.528
"561",29217,0.478,0.505
"562",22107,0.828,0.103
"563",21227,0.449,0.499
"564",19179,0.548,0.447
"565",17127,0.513,0.469
"566",6041,0.576,0.42
"567",29119,0.476,0.503
"568",48309,0.67,0.319
"569",28073,0.725,0.27
"570",48255,0.528,0.35
"571",45017,0.861,0.135
"572",40005,0.284,0.554
"573",46065,0.519,0.481
"574",1061,0.749,0.216
"575",46061,0.539,0.461
"576",13257,0.607,0.375
"577",48001,0.756,0.227
"578",56037,0.455,0.545
"579",21077,0.395,0.516
"580",37015,0.695,0.254
"581",26061,0.348,0.64
"582",37291,0.541790178,0.408582412
"583",38011,0.44,0.48
"584",19049,0.575,0.417
"585",51019,0.565,0.429
"586",45011,0.874,0.117
"587",26079,0.372,0.623
"588",19073,0.539,0.461
"589",41027,0.393,0.607
"590",8025,0.469,0.5
"591",36025,0.391,0.609
"592",27017,0.465952381,0.464285714
"593",37019,0.601,0.355
"594",26059,0.402,0.567
"595",42005,0.482,0.497
"596",30083,0.545,0.397
"597",37017,0.596,0.264
"598",49033,0,0
"599",53007,0.283,0.717
"600",13177,0.742,0.246
"601",18091,0.459,0.541
"602",29039,0.47,0.511
"603",31037,0.6,0.4
"604",17017,0.469,0.502
"605",47111,0.652,0.321
"606",36079,0.493,0.507
"607",5057,0.795,0.166
"608",5101,0.469,0.516
"609",55115,0.415,0.582
"610",18157,0.385,0.615
"611",6083,0.502,0.49
"612",31077,0.55,0.45
"613",22113,0.54,0.349
"614",48463,0.633,0.277
"615",39151,0.565,0.426
"616",13159,0.814,0.171
"617",8003,0.34,0.63
"618",51115,0.633,0.358
"619",16023,0.192,0.769
"620",13259,0.9,0.09
"621",53073,0.192,0.805
"622",48267,0.446,0.523
"623",48251,0.585,0.403
"624",53025,0.204,0.789
"625",21221,0.408,0.483
"626",2158,0.248608911,0.751361386
"627",45015,0.72,0.272
"628",1015,0.765,0.218
"629",28009,0.852,0.142
"630",6101,0.546,0.436
"631",19183,0.538,0.462
"632",29021,0.445,0.537
"633",48311,0.8,0.2
"634",29229,0.505,0.484
"635",48245,0.769,0.206
"636",8014,0.352,0.632
"637",40017,0.384,0.563
"638",16037,0.279,0.721
"639",26049,0.517,0.465
"640",6023,0.31,0.68
"641",47047,0.841,0.152
"642",6093,0.4,0.58
"643",39033,0.514,0.436
"644",25023,0.48035416,0.499680181
"645",27043,0.465952381,0.464285714
"646",13143,0.551,0.415
"647",31097,0.453,0.547
"648",54101,0.248,0.54
"649",48443,0.435,0.416
"650",41033,0.433,0.567
"651",20065,0.478978495,0.459301075
"652",8047,0.298,0.698
"653",13233,0.686,0.293
"654",35043,0.517,0.483
"655",55045,0.387,0.609
"656",28061,0.896,0.092
"657",22047,0.696,0.196
"658",37167,0.491,0.414
"659",13299,0.75,0.232
"660",48433,0.578,0.353
"661",27133,0.465952381,0.464285714
"662",30065,0.413,0.516
"663",1007,0.755,0.197
"664",13205,0.858,0.13
"665",21207,0.482,0.467
"666",27163,0.426666667,0.47
"667",16071,0.455,0.545
"668",37113,0.479,0.442
"669",54007,0.349,0.513
"670",46101,0.559,0.441
"671",38021,0.444583333,0.477083333
"672",46005,0.573,0.427
"673",29067,0.405,0.581
"674",55139,0.385,0.612
"675",24510,0.654,0.312
"676",53003,0.328,0.672
"677",16045,0.269,0.704
"678",46059,0.517,0.483
"679",8089,0.451,0.543
"680",46013,0.546,0.454
"681",40057,0.372,0.509
"682",31081,0.343,0.657
"683",35369,0.516843221,0.483269461
"684",19005,0.507,0.493
"685",2185,0.140813775,0.859184032
"686",27005,0.465952381,0.464285714
"687",21147,0.419,0.504
"688",1005,0.906,0.078
"689",21159,0.312,0.574
"690",49027,0.36,0.44
"691",1035,0.714,0.191
"692",19169,0.405,0.595
"693",13289,0.864,0.125
"694",39089,0.533,0.459
"695",13103,0.645,0.339
"696",41063,0.401,0.599
"697",5047,0.672,0.296
"698",45027,0.908,0.086
"699",51085,0.599,0.397
"700",13271,0.811,0.173
"701",27031,0.465952381,0.464285714
"702",1049,0.629,0.323
"703",1117,0.628,0.354
"704",5065,0.649,0.301
"705",24021,0.518,0.436
"706",30023,0.512,0.408
"707",27059,0.465952381,0.464285714
"708",48459,0.717,0.266
"709",48187,0.64,0.348
"710",18073,0.408,0.592
"711",17157,0.445,0.528
"712",35007,0.562,0.438
"713",37127,0.658,0.282
"714",27083,0.465952381,0.464285714
"715",47123,0.636,0.308
"716",47021,0.562,0.422
"717",31149,0.3,0.7
"718",36069,0.462,0.538
"719",1087,0.892,0.1
"720",49007,0.335,0.615
"721",44001,0.469941913,0.510046753
"722",20045,0.505,0.4475
"723",13085,0.53,0.455
"724",16033,0,1
"725",51117,0.803,0.191
"726",30027,0.509,0.436
"727",56019,0.5,0.5
"728",46051,0.558,0.442
"729",13189,0.847,0.148
"730",19117,0.6,0.4
"731",18033,0.473,0.527
"732",29135,0.446,0.537
"733",45071,0.81,0.179
"734",47071,0.707,0.274
"735",28087,0.824,0.173
"736",37129,0.484,0.486
"737",39017,0.534,0.46
"738",18147,0.507,0.493
"739",37003,0.458,0.448
"740",54103,0.274,0.565
"741",13029,0.633,0.355
"742",46077,0.551,0.449
"743",48141,0.66,0.315
"744",1055,0.746,0.226
"745",19147,0.534,0.466
"746",6097,0.509,0.484
"747",13179,0.797,0.194
"748",29115,0.505,0.473
"749",47169,0.725,0.255
"750",48169,0.565,0.355
"751",26095,0.355,0.618
"752",48329,0.63,0.346
"753",5131,0.611,0.368
"754",21217,0.503,0.448
"755",20033,0.478978495,0.459301075
"756",48125,0.52,0.44
"757",5135,0.642,0.31
"758",37091,0.675,0.222
"759",6081,0.609,0.386
"760",47039,0.675,0.268
"761",19097,0.5,0.46
"762",18069,0.405,0.595
"763",28043,0.86,0.129
"764",13297,0.699,0.294
"765",51167,0.599,0.388
"766",13131,0.759,0.223
"767",48383,0.632,0.368
"768",13107,0.831,0.159
"769",26113,0.39,0.577
"770",54037,0.45,0.501
"771",17117,0.429,0.55
"772",25019,0.480210633,0.519644715
"773",20161,0.4775,0.46625
"774",41047,0.47,0.53
"775",20019,0.478978495,0.459301075
"776",46095,0.397,0.603
"777",45061,0.876,0.114
"778",51720,0.538,0.45
"779",40001,0.334,0.558
"780",54051,0.312,0.56
"781",40133,0.391,0.501
"782",54089,0.375,0.51
"783",5105,0.529,0.349
"784",56021,0.51,0.49
"785",37081,0.56,0.417
"786",17041,0.422,0.562
"787",51055,0.635588992,0.359832052
"788",48449,0.701,0.258
"789",47187,0.603,0.39
"790",22053,0.56,0.317
"791",25027,0.450329188,0.529709169
"792",19133,0.602,0.388
"793",13031,0.607,0.388
"794",26083,0.398,0.584
"795",48297,0.677,0.24
"796",22117,0.693,0.214
"797",31165,0.571,0.429
"798",22079,0.713,0.219
"799",13223,0.656,0.338
"800",51678,0.611,0.38
"801",12089,0.562,0.398
"802",19187,0.542,0.45
"803",48293,0.791,0.193
"804",13197,0.763,0.212
"805",47069,0.877,0.115
"806",37095,0.48,0.405
"807",8021,0.584,0.4
"808",5119,0.764,0.229
"809",4007,0.592,0.352
"810",33011,0.420990336,0.579009664
"811",27047,0.465952381,0.464285714
"812",29165,0.471,0.521
"813",48469,0.645,0.327
"814",21101,0.434,0.429
"815",1073,0.816,0.174
"816",48215,0.691,0.273
"817",54027,0.33,0.505
"818",1031,0.772,0.201
"819",55017,0.438,0.557
"820",48041,0.491,0.494
"821",28015,0.9,0.089
"822",13051,0.723,0.272
"823",18079,0.476,0.524
"824",29051,0.453,0.535
"825",19013,0.467,0.529
"826",21125,0.491,0.459
"827",18009,0.49,0.51
"828",51173,0.586,0.402
"829",32031,0.459,0.54
"830",32003,0.549,0.451
"831",21033,0.343,0.521
"832",17111,0.385,0.611
"833",26143,0.473,0.483
"834",48361,0.681,0.3
"835",54071,0.386,0.486
"836",21231,0.556,0.394
"837",20077,0.478978495,0.459301075
"838",6109,0.513,0.472
"839",13311,0.524,0.463
"840",30093,0.507,0.431
"841",6007,0.4,0.589
"842",46057,0.592,0.408
"843",45089,0.885,0.107
"844",1029,0.732,0.238
"845",5147,0.662,0.224
"846",13207,0.801,0.192
"847",19019,0.525,0.475
"848",33025,0.381036672,0.599605761
"849",8079,0.381,0.595
"850",31111,0.475,0.525
"851",48095,0.692,0.282
"852",29143,0.642,0.335
"853",27023,0.465952381,0.464285714
"854",2188,0.140943573,0.85904472
"855",37059,0.54,0.404
"856",39055,0.54,0.455
"857",53045,0.255,0.736
"858",55075,0.486,0.508
"859",36089,0.411,0.589
"860",41061,0.409,0.591
"861",18127,0.415,0.585
"862",48123,0.703,0.271
"863",12043,0.499,0.403
"864",35035,0.527,0.473
"865",26151,0.42,0.538
"866",42111,0.482,0.496
"867",27061,0.465952381,0.464285714
"868",49049,0.142,0.853
"869",17175,0.471,0.514
"870",45053,0.851,0.138
"871",18027,0.435,0.565
"872",13117,0.538,0.457
"873",1019,0.661,0.249
"874",21027,0.459,0.458
"875",26031,0.426,0.556
"876",51057,0.822,0.17
"877",16011,0.232,0.764
"878",21067,0.528,0.45
"879",17029,0.399,0.59
"880",13175,0.822,0.162
"881",31027,0.465,0.535
"882",17139,0.44,0.54
"883",35045,0.525,0.475
"884",19119,0.402,0.568
"885",45001,0.818,0.17
"886",18083,0.495,0.505
"887",42081,0.44,0.545
"888",13089,0.715,0.283
"889",28133,0.878,0.113
"890",5025,0.688,0.247
"891",8075,0.513,0.467
"892",41015,0.476,0.524
"893",20113,0.46,0.47
"894",13059,0.507,0.49
"895",41035,0.446,0.554
"896",56029,0.385,0.615
"897",17125,0.492,0.489
"898",55065,0.464,0.529
"899",47119,0.636,0.351
"900",19129,0.511,0.489
"901",8105,0.435,0.546
"902",1107,0.762,0.148
"903",13009,0.794,0.199
"904",22081,0.753,0.166
"905",31157,0.374,0.626
"906",8019,0.442,0.553
"907",20025,0.478978495,0.459301075
"908",5109,0.642,0.299
"909",6057,0.395,0.598
"910",42103,0.512,0.481
"911",47163,0.541,0.439
"912",26163,0.6,0.384
"913",46127,0.554,0.446
"914",26153,0.457,0.506
"915",55117,0.454,0.54
"916",29085,0.537,0.441
"917",8113,0.212,0.783
"918",38023,0.444583333,0.477083333
"919",5029,0.621,0.297
"920",6103,0.477,0.496
"921",22101,0.729,0.196
"922",51095,0.651,0.343
"923",48385,0.538,0.442
"924",31125,0.56,0.44
"925",21185,0.524,0.444
"926",26103,0.356,0.617
"927",8083,0.324,0.673
"928",35033,0.621,0.379
"929",36087,0.605,0.395
"930",55085,0.394,0.602
"931",20103,0.465833333,0.46
"932",21155,0.503,0.426
"933",54059,0.214,0.483
"934",6033,0.464,0.521
"935",26003,0.371,0.6
"936",29113,0.431,0.546
"937",37193,0.504,0.426
"938",51021,0.517,0.471
"939",13309,0.859,0.126
"940",21057,0.448,0.5
"941",42115,0.505,0.482
"942",9009,0.520051635,0.459951248
"943",46003,0.532,0.468
"944",37131,0.684,0.229
"945",37119,0.603,0.383
"946",17047,0.481,0.498
"947",46103,0.459,0.541
"948",51047,0.547,0.444
"949",17095,0.467,0.521
"950",22023,0.374,0.401
"951",21145,0.438,0.465
"952",2164,0.206176471,0.793781513
"953",29009,0.516,0.47
"954",30015,0.575,0.377
"955",31033,0.389,0.611
"956",49011,0.173,0.824
"957",51165,0.47,0.526
"958",13305,0.732,0.247
"959",45049,0.88,0.11
"960",37157,0.544,0.365
"961",27149,0.465952381,0.464285714
"962",18045,0.472,0.528
"963",48149,0.639,0.338
"964",27063,0.465952381,0.464285714
"965",49013,0.294,0.69
"966",42061,0.433,0.553
"967",53011,0.215,0.783
"968",22111,0.687,0.181
"969",21219,0.351,0.535
"970",48409,0.732,0.236
"971",31141,0.542,0.458
"972",55125,0.396,0.601
"973",19173,0.7,0.3
"974",12045,0.474,0.434
"975",5069,0.787,0.168
"976",48397,0.596,0.359
"977",13193,0.899,0.097
"978",47109,0.745,0.237
"979",36085,0.529,0.471
"980",19139,0.46,0.54
"981",20153,0.478978495,0.459301075
"982",42089,0.533,0.459
"983",19191,0.44,0.56
"984",38077,0.444583333,0.477083333
"985",16009,0.282,0.69
"986",37125,0.588,0.37
"987",51195,0.48,0.511
"988",41037,0.404,0.596
"989",35017,0.501,0.499
"990",27057,0.465952381,0.464285714
"991",38069,0.444583333,0.477083333
"992",39119,0.566,0.424
"993",37173,0.41,0.512
"994",42107,0.513,0.474
"995",42071,0.48,0.515
"996",40143,0.474,0.496
"997",47107,0.608,0.366
"998",40093,0.347,0.532
"999",47027,0.709,0.27
"1000",1043,0.608,0.345
"1001",9119,0.517642921,0.46361842
"1002",28001,0.867,0.126
"1003",12079,0.624,0.3
"1004",2170,0.146875846,0.842526458
"1005",17103,0.394,0.598
"1006",9005,0.420622528,0.559376623
"1007",26039,0.423,0.541
"1008",13063,0.816,0.18
"1009",21059,0.455,0.466
"1010",40035,0.358,0.545
"1011",29045,0.514,0.453
"1012",42085,0.568,0.415
"1013",55053,0.41,0.584
"1014",1085,0.887,0.077
"1015",44003,0.400076064,0.579907826
"1016",36101,0.421,0.579
"1017",45087,0.834,0.164
"1018",51740,0.785,0.211
"1019",13235,0.86,0.137
"1020",47155,0.494,0.486
"1021",39041,0.579,0.418
"1022",51067,0.626,0.366
"1023",48179,0.539,0.417
"1024",18169,0.456,0.544
"1025",46067,0.547,0.453
"1026",24037,0.527,0.395
"1027",48475,0.622,0.299
"1028",27011,0.465952381,0.464285714
"1029",46019,0.37,0.63
"1030",47129,0.587,0.371
"1031",54049,0.35,0.524
"1032",5017,0.811,0.146
"1033",19159,0.663,0.337
"1034",37033,0.598,0.311
"1035",27073,0.465952381,0.464285714
"1036",45031,0.819,0.177
"1037",8093,0.338,0.662
"1038",19137,0.36,0.64
"1039",40069,0.248,0.578
"1040",29073,0.438,0.553
"1041",53019,0.217,0.783
"1042",5027,0.738,0.224
"1043",53015,0.23,0.77
"1044",21157,0.347,0.508
"1045",23031,0.468846154,0.467692308
"1046",48067,0.731,0.248
"1047",8007,0.342,0.642
"1048",39065,0.526,0.457
"1049",51520,0.563,0.426
"1050",13153,0.76,0.236
"1051",12071,0.627,0.35
"1052",49019,0.202,0.796
"1053",54011,0.379,0.461
"1054",21123,0.347,0.516
"1055",42033,0.471,0.507
"1056",2231,0.170197926,0.829792648
"1057",19151,0.66,0.3
"1058",12001,0.492,0.488
"1059",37121,0.404,0.579
"1060",19021,0.486,0.486
"1061",6039,0.556,0.417
"1062",12086,0.747,0.243
"1063",46107,0.522,0.478
"1064",15005,0.212,0.785
"1065",18067,0.486,0.514
"1066",24043,0.493,0.41
"1067",18053,0.497,0.503
"1068",23013,0.482222222,0.466666667
"1069",23011,0.468888889,0.468888889
"1070",55073,0.407,0.589
"1071",31115,0.455,0.545
"1072",27019,0.465952381,0.464285714
"1073",47173,0.601,0.373
"1074",18177,0.456,0.544
"1075",16079,0.346,0.654
"1076",51071,0.558,0.435
"1077",12097,0.682,0.3
"1078",36033,0.291,0.709
"1079",45083,0.703,0.293
"1080",1071,0.7,0.269
"1081",22045,0.664,0.247
"1082",46053,0.522,0.478
"1083",13301,0.895,0.094
"1084",37069,0.594,0.343
"1085",47023,0.69,0.288
"1086",4005,0.441,0.534
"1087",22013,0.769,0.162
"1088",48007,0.63,0.351
"1089",21025,0.339,0.518
"1090",55035,0.358,0.639
"1091",1101,0.862,0.128
"1092",12033,0.622,0.346
"1093",19109,0.608,0.36
"1094",38105,0.44,0.496666667
"1095",26133,0.404,0.574
"1096",19123,0.562,0.438
"1097",13261,0.824,0.17
"1098",22019,0.657,0.262
"1099",54009,0.385,0.509
"1100",5075,0.495,0.386
"1101",31029,0.615,0.385
"1102",26055,0.332,0.649
"1103",39109,0.532,0.456
"1104",29169,0.446,0.528
"1105",25009,0.490225032,0.489830885
"1106",46083,0.555,0.445
"1107",23029,0.495,0.435
"1108",39071,0.552,0.431
"1109",27189,0.465952381,0.464285714
"1110",10019,0.600659543,0.390323833
"1111",55001,0.474,0.518
"1112",6037,0.57,0.42
"1113",21029,0.444,0.491
"1114",27139,0.51,0.435
"1115",29163,0.57,0.41
"1116",13133,0.858,0.135
"1117",18057,0.458,0.542
"1118",48223,0.668,0.317
"1119",49023,0.225,0.775
"1120",41041,0.463,0.537
"1121",5125,0.674,0.311
"1122",38079,0.444583333,0.477083333
"1123",21135,0.517,0.37
"1124",31067,0.543,0.457
"1125",30045,0.448,0.448
"1126",6025,0.668,0.318
"1127",48211,0.652,0.348
"1128",51091,0.494,0.506
"1129",49037,0.352,0.648
"1130",42067,0.45,0.523
"1131",12063,0.539,0.355
"1132",42119,0.502,0.493
"1133",17063,0.395,0.596
"1134",29219,0.44,0.545
"1135",49043,0.312,0.683
"1136",19193,0.463,0.533
"1137",50015,0.11007352,0.879937416
"1138",51013,0.669,0.328
"1139",13141,0.874,0.114
"1140",19031,0.443,0.557
"1141",48083,0.6,0.392
"1142",37065,0.708,0.227
"1143",6049,0.435,0.507
"1144",46029,0.562,0.438
"1145",39007,0.549,0.439
"1146",51199,0.615,0.381
"1147",21087,0.404,0.512
"1148",24025,0.518,0.416
"1149",11035,0.779895432,0.21008905
"1150",26097,0.439,0.555
"1151",30109,0.6,0.267
"1152",29019,0.387,0.606
"1153",19127,0.466,0.534
"1154",19155,0.49,0.508
"1155",22009,0.64,0.247
"1156",48097,0.564,0.42
"1157",46089,0.505,0.495
"1158",13045,0.617,0.376
"1159",48237,0.621,0.329
"1160",48363,0.595,0.379
"1161",29103,0.568,0.398
"1162",37029,0.542,0.345
"1163",40087,0.354,0.571
"1164",13015,0.59,0.397
"1165",17097,0.527,0.47
"1166",21085,0.499,0.446
"1167",16061,0.5,0.475
"1168",36115,0.359,0.641
"1169",12129,0.489,0.42
"1170",18041,0.473,0.527
"1171",26135,0.449,0.518
"1172",13169,0.802,0.188
"1173",46045,0.523,0.477
"1174",28035,0.731,0.261
"1175",15021,0.319698669,0.680295379
"1176",40071,0.385,0.535
"1177",48225,0.8,0.174
"1178",34039,0.689,0.311
"1179",51177,0.604,0.389
"1180",31159,0.415,0.585
"1181",28141,0.613,0.334
"1182",46111,0.595,0.405
"1183",37191,0.625,0.295
"1184",12127,0.602,0.371
"1185",48441,0.546,0.434
"1186",48185,0.731,0.252
"1187",48241,0.756,0.219
"1188",13037,0.889,0.109
"1189",6113,0.518,0.476
"1190",48337,0.543,0.433
"1191",48501,0.429,0.476
"1192",21041,0.415,0.494
"1193",37035,0.512,0.44
"1194",37025,0.517,0.443
"1195",48027,0.699,0.29
"1196",13245,0.817,0.18
"1197",24003,0.568,0.384
"1198",18003,0.478,0.522
"1199",6063,0.44,0.537
"1200",37171,0.475,0.44
"1201",48011,0.2,0.8
"1202",45029,0.825,0.164
"1203",38073,0.444583333,0.477083333
"1204",19161,0.55,0.45
"1205",30007,0.382,0.52
"1206",37045,0.559,0.356
"1207",31011,0.614,0.386
"1208",16077,0.297,0.703
"1209",6009,0.513,0.467
"1210",51650,0.779,0.217
"1211",23019,0.449230769,0.476538462
"1212",21229,0.47,0.455
"1213",27167,0.465952381,0.464285714
"1214",22005,0.711,0.233
"1215",55011,0.415,0.578
"1216",36003,0.405,0.595
"1217",21237,0.421,0.507
"1218",48421,0.613,0.258
"1219",23023,0.4425,0.47
"1220",29197,0.492,0.472
"1221",13227,0.531,0.456
"1222",15003,0.368,0.63
"1223",51590,0.8,0.196
"1224",38093,0.444583333,0.477083333
"1225",27009,0.465952381,0.464285714
"1226",37067,0.58,0.398
"1227",46073,0.596,0.404
"1228",2122,0.183093164,0.813719601
"1229",1125,0.767,0.218
"1230",34019,0.516,0.484
"1231",9013,0.380918659,0.599087965
"1232",50011,0.100147465,0.889856433
"1233",26051,0.463,0.509
"1234",1063,0.901,0.071
"1235",27041,0.465952381,0.464285714
"1236",17077,0.376,0.619
"1237",37089,0.47,0.501
"1238",12111,0.669,0.308
"1239",48243,0.496,0.468
"1240",48327,0.561,0.39
"1241",48287,0.656,0.321
"1242",18007,0.447,0.553
"1243",36017,0.391,0.609
"1244",48005,0.737,0.235
"1245",12093,0.552,0.376
"1246",6053,0.565,0.425
"1247",6005,0.517,0.465
"1248",32510,0.488,0.512
"1249",13213,0.512,0.469
"1250",34037,0.43,0.57
"1251",17099,0.435,0.556
"1252",39171,0.458,0.526
"1253",17203,0.438,0.555
"1254",48277,0.693,0.291
"1255",55061,0.471,0.524
"1256",35015,0.539,0.461
"1257",29177,0.482,0.495
"1258",40129,0.216,0.58
"1259",48043,0.436,0.481
"1260",19185,0.65,0.35
"1261",37133,0.542,0.382
"1262",55081,0.389,0.606
"1263",48075,0.587,0.37
"1264",29175,0.449,0.52
"1265",13183,0.685,0.291
"1266",39157,0.516,0.463
"1267",53041,0.176,0.814
"1268",31131,0.422,0.578
"1269",13035,0.817,0.169
"1270",32029,0.5,0.5
"1271",5137,0.544,0.419
"1272",25015,0.360935581,0.629007957
"1273",38155,0.444583333,0.477083333
"1274",8013,0.363,0.636
"1275",51029,0.75,0.246
"1276",11007,0.779895432,0.21008905
"1277",31001,0.384,0.616
"1278",40041,0.412,0.505
"1279",48233,0.565,0.38
"1280",20177,0.472,0.48
"1281",48217,0.691,0.286
"1282",47051,0.648,0.33
"1283",19039,0.58,0.42
"1284",31179,0.527,0.473
"1285",48451,0.559,0.418
"1286",39159,0.508,0.483
"1287",29079,0.446,0.534
"1288",18171,0.485,0.515
"1289",22061,0.753,0.194
"1290",55007,0.362,0.635
"1291",48093,0.633,0.338
"1292",8115,0.619,0.381
"1293",18103,0.422,0.578
"1294",26123,0.366,0.607
"1295",42097,0.485,0.5
"1296",51157,0.501,0.495
"1297",17171,0.466,0.5
"1298",29221,0.514,0.453
"1299",5049,0.554,0.374
"1300",48143,0.525,0.449
"1301",29063,0.39,0.578
"1302",21093,0.478,0.462
"1303",37195,0.642,0.294
"1304",27191,0.465952381,0.464285714
"1305",50001,0.130108045,0.869871435
"1306",13321,0.794,0.193
"1307",37197,0.48,0.452
"1308",18015,0.439,0.561
"1309",5093,0.819,0.139
"1310",5127,0.636,0.314
"1311",46011,0.515,0.485
"1312",51775,0.511,0.48
"1313",42133,0.507,0.482
"1314",38065,0.444583333,0.477083333
"1315",1023,0.802,0.124
"1316",38009,0.444583333,0.477083333
"1317",5121,0.619,0.333
"1318",28127,0.853,0.135
"1319",5007,0.541,0.449
"1320",2220,0.20002923,0.799913933
"1321",29025,0.432,0.556
"1322",48063,0.766,0.212
"1323",13165,0.841,0.152
"1324",41067,0.465,0.535
"1325",40075,0.348,0.54
"1326",8077,0.414,0.573
"1327",29105,0.436,0.548
"1328",54043,0.317,0.472
"1329",1011,0.913,0.066
"1330",39077,0.509,0.477
"1331",38085,0.444583333,0.477083333
"1332",47053,0.768,0.212
"1333",12029,0.402,0.451
"1334",31061,0.55,0.45
"1335",22087,0.623,0.311
"1336",53063,0.217,0.781
"1337",51810,0.63,0.365
"1338",54091,0.358,0.518
"1339",20185,0.478978495,0.459301075
"1340",8059,0.396,0.598
"1341",28065,0.892,0.094
"1342",26033,0.399,0.58
"1343",39047,0.583,0.409
"1344",29013,0.435,0.531
"1345",54061,0.353,0.576
"1346",1105,0.82,0.124
"1347",51131,0.725,0.27
"1348",24009,0.575,0.361
"1349",13007,0.851,0.135
"1350",5005,0.624,0.362
"1351",51155,0.583,0.41
"1352",36031,0.268,0.732
"1353",5033,0.625,0.345
"1354",13005,0.638,0.328
"1355",53023,0.4,0.6
"1356",22097,0.741,0.191
"1357",51089,0.727,0.267
"1358",48193,0.565,0.402
"1359",1069,0.783,0.201
"1360",22051,0.677,0.271
"1361",20089,0.478978495,0.459301075
"1362",17067,0.574,0.407
"1363",1001,0.8,0.182
"1364",41019,0.442,0.558
"1365",54031,0.342,0.461
"1366",46125,0.566,0.434
"1367",53055,0.24,0.76
"1368",49041,0.286,0.714
"1369",48461,0.558,0.276
"1370",12121,0.422,0.443
"1371",28153,0.838,0.146
"1372",1115,0.693,0.286
"1373",20197,0.45,0.505
"1374",22109,0.667,0.258
"1375",47061,0.648,0.297
"1376",17185,0.499,0.48
"1377",37023,0.461,0.454
"1378",26005,0.38,0.603
"1379",45003,0.702,0.293
"1380",18087,0.474,0.526
"1381",40011,0.373,0.518
"1382",13211,0.775,0.221
"1383",54093,0.261,0.608
"1384",17123,0.49,0.505
"1385",39099,0.593,0.397
"1386",11081,0.779895432,0.21008905
"1387",31163,0.344,0.656
"1388",39087,0.554,0.416
"1389",51760,0.606,0.391
"1390",16031,0.387,0.613
"1391",54063,0.368,0.498
"1392",26117,0.368,0.605
"1393",29201,0.55,0.43
"1394",46021,0.435,0.565
"1395",50013,0.130136656,0.859849277
"1396",21163,0.419,0.492
"1397",20009,0.535,0.425
"1398",54095,0.283,0.6
"1399",48457,0.743,0.228
"1400",2201,0.1951,0.8049
"1401",42129,0.543,0.44
"1402",16003,0.275,0.696
"1403",27007,0.395,0.49
"1404",45065,0.851,0.142
"1405",5103,0.751,0.188
"1406",37169,0.478,0.44
"1407",47063,0.565,0.405
"1408",42105,0.411,0.569
"1409",54041,0.318,0.549
"1410",29183,0.448,0.543
"1411",36117,0.445,0.555
"1412",33009,0.326690593,0.673309407
"1413",51640,0.578,0.413
"1414",53031,0.293,0.707
"1415",36041,0.369,0.631
"1416",55093,0.419,0.572
"1417",35021,0.62,0.38
"1418",53021,0.201,0.799
"1419",48171,0.719,0.278
"1420",42127,0.474,0.517
"1421",16083,0.278,0.722
"1422",30101,0.524,0.435
"1423",46069,0.606,0.394
"1424",54025,0.35,0.529
"1425",8057,0.556,0.444
"1426",48207,0.587,0.343
"1427",29189,0.553,0.44
"1428",17187,0.49,0.5
"1429",9015,0.38028886,0.599721351
"1430",19199,0.501052903,0.492194945
"1431",27165,0.465952381,0.464285714
"1432",36121,0.395,0.605
"1433",20011,0.478978495,0.459301075
"1434",39115,0.562,0.427
"1435",40111,0.457,0.461
"1436",20117,0.57,0.4
"1437",18135,0.443,0.557
"1438",47127,0.651,0.29
"1439",37161,0.46,0.445
"1440",29137,0.509,0.457
"1441",17159,0.442,0.536
"1442",48263,0.367,0.467
"1443",40077,0.312,0.533
"1444",1097,0.827,0.162
"1445",51017,0.63,0.366
"1446",47083,0.671,0.296
"1447",16053,0.23,0.77
"1448",30059,0.463,0.463
"1449",12003,0.385,0.474
"1450",27113,0.465952381,0.464285714
"1451",42123,0.514,0.464
"1452",46102,0.430151011,0.569840666
"1453",8011,0.481,0.444
"1454",27001,0.465952381,0.464285714
"1455",13039,0.666,0.326
"1456",30055,0.528,0.472
"1457",22073,0.786,0.158
"1458",10005,0.614,0.364
"1459",33019,0.297155778,0.702844222
"1460",49047,0.22,0.763
"1461",8065,0.235,0.73
"1462",13251,0.811,0.175
"1463",29223,0.578,0.388
"1464",1025,0.93,0.063
"1465",39039,0.506,0.482
"1466",26107,0.389,0.586
"1467",42075,0.498,0.493
"1468",19163,0.491,0.505
"1469",36067,0.53,0.47
"1470",42051,0.577,0.405
"1471",28093,0.887,0.102
"1472",48157,0.746,0.249
"1473",48137,0.575,0.37
"1474",29061,0.51,0.471
"1475",40107,0.369,0.523
"1476",21175,0.316,0.573
"1477",13287,0.789,0.194
"1478",13243,0.895,0.092
"1479",13209,0.782,0.196
"1480",40147,0.424,0.516
"1481",13061,0.858,0.127
"1482",48487,0.615,0.339
"1483",21213,0.459,0.451
"1484",1133,0.667,0.304
"1485",46115,0.585,0.415
"1486",48307,0.664,0.307
"1487",30033,0.265,0.5
"1488",40135,0.36,0.496
"1489",55057,0.422,0.573
"1490",42063,0.507,0.473
"1491",46121,0.438,0.562
"1492",19071,0.444,0.5
"1493",28067,0.835,0.159
"1494",51093,0.739,0.258
"1495",51185,0.577,0.402
"1496",51179,0.603,0.388
"1497",37185,0.7,0.245
"1498",37143,0.514,0.348
"1499",37149,0.477,0.487
"1500",26043,0.435,0.515
"1501",48365,0.801,0.186
"1502",18019,0.539,0.461
"1503",54015,0.294,0.51
"1504",12077,0.38,0.471
"1505",36049,0.409,0.591
"1506",20107,0.478978495,0.459301075
"1507",56035,0.25,0.75
"1508",31055,0.46,0.54
"1509",1123,0.88,0.102
"1510",21095,0.259,0.628
"1511",37111,0.409,0.49
"1512",48281,0.6,0.38
"1513",55141,0.395,0.602
"1514",11021,0.779895432,0.21008905
"1515",30039,0.374,0.587
"1516",40047,0.413,0.522
"1517",40015,0.364,0.53
"1518",39093,0.561,0.429
"1519",34033,0.565,0.435
"1520",35005,0.566,0.434
"1521",28095,0.849,0.138
"1522",25005,0.49009973,0.489918086
"1523",31003,0.54,0.46
"1524",40079,0.331,0.505
"1525",48315,0.761,0.222
"1526",1053,0.885,0.099
"1527",27079,0.43,0.5
"1528",29109,0.453,0.535
"1529",38019,0.444583333,0.477083333
"1530",36009,0.421,0.579
"1531",48109,0.62,0.279
"1532",17081,0.472,0.499
"1533",45005,0.908,0.084
"1534",48489,0.701,0.222
"1535",54107,0.373,0.532
"1536",55071,0.434,0.561
"1537",31019,0.308,0.692
"1538",25007,0.450385677,0.539589628
"1539",51051,0.6,0.386
"1540",51087,0.698,0.297
"1541",30041,0.461,0.464
"1542",20175,0.45,0.5
"1543",13121,0.711,0.287
"1544",26077,0.379,0.606
"1545",12057,0.628,0.351
"1546",47075,0.886,0.106
"1547",48183,0.781,0.207
"1548",13161,0.766,0.203
"1549",29167,0.461,0.527
"1550",34011,0.642,0.358
"1551",5031,0.64,0.336
"1552",41051,0.43,0.57
"1553",21071,0.314,0.541
"1554",26045,0.441,0.556
"1555",53043,0.258,0.71
"1556",47161,0.66,0.306
"1557",37005,0.442,0.448
"1558",16087,0.321,0.651
"1559",28143,0.774,0.188
"1560",48201,0.705,0.285
"1561",26037,0.421,0.558
"1562",8029,0.295,0.696
"1563",19001,0.56,0.44
"1564",21121,0.479,0.464
"1565",51510,0.695,0.299
"1566",36097,0.375,0.625
"1567",39155,0.539,0.444
"1568",21209,0.486,0.464
"1569",56041,0.444,0.556
"1570",20195,0.478978495,0.459301075
"1571",12081,0.625,0.351
"1572",11027,0.779895432,0.21008905
"1573",25017,0.519994508,0.469965363
"1574",51109,0.655,0.341
"1575",18111,0.454,0.546
"1576",56031,0.333,0.667
"1577",37027,0.47,0.459
"1578",31121,0.583,0.417
"1579",5077,0.896,0.079
"1580",50007,0.150018399,0.849963572
"1581",31069,0.381,0.619
"1582",13027,0.776,0.215
"1583",46075,0.392,0.608
"1584",51077,0.493,0.5
"1585",5059,0.637,0.297
"1586",17049,0.403,0.58
"1587",28163,0.908,0.084
"1588",47065,0.644,0.347
"1589",48081,0.481,0.481
"1590",32009,0.318,0.682
"1591",22033,0.784,0.19
"1592",12019,0.571,0.395
"1593",53037,0.226,0.774
"1594",4013,0.581,0.398
"1595",37021,0.354,0.621
"1596",51193,0.745,0.25
"1597",29107,0.462,0.522
"1598",26069,0.461,0.514
"1599",5055,0.655,0.31
"1600",5061,0.765,0.185
"1601",1067,0.856,0.119
"1602",48417,0.5,0.467
"1603",21105,0.325,0.466
"1604",17153,0.624,0.346
"1605",27157,0.465952381,0.464285714
"1606",13269,0.877,0.114
"1607",18055,0.426,0.574
"1608",19099,0.515,0.45
"1609",51107,0.586,0.407
"1610",49015,0.257,0.653
"1611",21039,0.256,0.575
"1612",54033,0.382,0.491
"1613",39175,0.497,0.486
"1614",38167,0.444583333,0.477083333
"1615",53001,0.261,0.739
"1616",13083,0.503,0.48
"1617",23005,0.476216216,0.466756757
"1618",37049,0.581,0.357
"1619",19059,0.488,0.512
"1620",22043,0.486,0.327
"1621",47091,0.516,0.469
"1622",38103,0.444583333,0.477083333
"1623",50003,0.180012608,0.81997522
"1624",22015,0.665,0.27
"1625",5001,0.833,0.152
"1626",40115,0.393,0.501
"1627",32023,0.588,0.406
"1628",39103,0.531,0.463
"1629",30111,0.502,0.447
"1630",8045,0.368,0.615
"1631",18109,0.426,0.574
"1632",51065,0.576,0.418
"1633",40095,0.303,0.56
"1634",46049,0.524,0.476
"1635",23003,0.481111111,0.443333333
"1636",37153,0.571,0.31
"1637",48135,0.649,0.33
"1638",27055,0.465952381,0.464285714
"1639",31025,0.466,0.534
"1640",2020,0.251236319,0.747865976
"1641",29121,0.437,0.524
"1642",48249,0.716,0.219
"1643",29089,0.488,0.482
"1644",38035,0.545,0.42
"1645",13317,0.821,0.165
"1646",40089,0.283,0.523
"1647",55047,0.429,0.566
"1648",48497,0.562,0.418
"1649",13237,0.802,0.19
"1650",41025,0.401,0.599
"1651",13151,0.777,0.219
"1652",51700,0.73,0.266
"1653",41021,0.502,0.498
"1654",30075,0.414,0.586
"1655",12039,0.764,0.2
"1656",27153,0.465952381,0.464285714
"1657",40061,0.328,0.519
"1658",26013,0.404,0.555
"1659",13157,0.614,0.375
"1660",20167,0.478978495,0.459301075
"1661",42023,0.417,0.54
"1662",40029,0.19,0.636
"1663",40051,0.342,0.562
"1664",31043,0.434,0.566
"1665",48165,0.558,0.362
"1666",37155,0.51,0.314
"1667",29211,0.598,0.378
"1668",19175,0.463,0.537
"1669",47013,0.667,0.307
"1670",34023,0.611,0.389
"1671",46007,0.438,0.562
"1672",28019,0.839,0.151
"1673",8009,0.319,0.298
"1674",29081,0.485,0.5
"1675",18129,0.448,0.552
"1676",51145,0.644,0.353
"1677",39137,0.453,0.523
"1678",47055,0.732,0.252
"1679",48465,0.657,0.284
"1680",55137,0.438,0.557
"1681",18165,0.451,0.549
"1682",6085,0.605,0.388
"1683",37087,0.445,0.46
"1684",39019,0.514,0.462
"1685",5111,0.724,0.23
"1686",51135,0.781,0.211
"1687",48395,0.709,0.23
"1688",24029,0.551,0.384
"1689",36011,0.473,0.527
"1690",40151,0.338,0.565
"1691",47179,0.458,0.531
"1692",29123,0.494,0.476
"1693",17199,0.422,0.553
"1694",22059,0.302,0.408
"1695",34035,0.616,0.384
"1696",48279,0.533,0.269
"1697",26011,0.461,0.514
"1698",47153,0.561,0.423
"1699",36105,0.439,0.561
"1700",36111,0.374,0.626
"1701",22035,0.88,0.081
"1702",31093,0.589,0.411
"1703",48349,0.725,0.253
"1704",32015,0.29,0.696
"1705",48391,0.642,0.296
"1706",21017,0.465,0.456
"1707",51143,0.752,0.243
"1708",36039,0.421,0.579
"1709",28149,0.844,0.149
"1710",33007,0.356283186,0.643716814
"1711",54055,0.345,0.514
"1712",26041,0.433,0.524
"1713",51670,0.774,0.222
"1714",55025,0.373,0.626
"1715",31075,0,0
"1716",17087,0.451,0.525
"1717",47105,0.605,0.376
"1718",48021,0.591,0.397
"1719",22125,0.801,0.147
"1720",9011,0.440137663,0.549827081
"1721",56023,0.5,0.5
"1722",29099,0.442,0.543
"1723",28101,0.835,0.152
"1724",13123,0.53,0.457
"1725",19153,0.532,0.462
"1726",51183,0.905,0.093
"1727",19177,0.467,0.533
"1728",2110,0.198489322,0.801495829
"1729",48101,0.565,0.391
"1730",56039,0.4,0.6
"1731",31085,1,0
"1732",29125,0.502,0.479
"1733",46025,0.566,0.434
"1734",6015,0.425,0.554
"1735",37009,0.464,0.459
"1736",20123,0.478978495,0.459301075
"1737",26145,0.552,0.43
"1738",47009,0.531,0.458
"1739",8069,0.326,0.672
"1740",29001,0.407,0.588
"1741",19025,0.5,0.5
"1742",20101,0.478978495,0.459301075
"1743",11065,0.779895432,0.21008905
"1744",31107,0.61,0.39
"1745",13231,0.684,0.307
"1746",29035,0.486,0.5
"1747",48265,0.584,0.406
"1748",48285,0.685,0.291
"1749",17085,0.514,0.479
"1750",56027,0,1
"1751",12101,0.583,0.389
"1752",22021,0.564,0.269
"1753",42013,0.466,0.518
"1754",28161,0.842,0.149
"1755",19033,0.496,0.504
"1756",39163,0.495,0.477
"1757",28047,0.743,0.25
"1758",48485,0.552,0.435
"1759",37053,0.478,0.435
"1760",18025,0.526,0.474
"1761",13057,0.518,0.476
"1762",35028,0.504,0.496
"1763",27151,0.465952381,0.464285714
"1764",45033,0.841,0.152
"1765",5133,0.623,0.304
"1766",55031,0.439,0.554
"1767",28139,0.749,0.224
"1768",4023,0.658,0.318
"1769",55019,0.428,0.564
"1770",13135,0.662,0.334
"1771",2261,0.132474297,0.867457162
"1772",17179,0.447,0.545
"1773",46129,0.511,0.489
"1774",17163,0.569,0.422
"1775",35025,0.52,0.48
"1776",29015,0.533,0.452
"1777",48085,0.592,0.403
"1778",31013,0.375,0.625
"1779",36007,0.434,0.566
"1780",56005,0.333,0.667
"1781",21043,0.391,0.514
"1782",13033,0.895,0.099
"1783",16057,0.161,0.839
"1784",54019,0.338,0.523
"1785",55003,0.368,0.63
"1786",51620,0.882,0.11
"1787",27123,0.503333333,0.453333333
"1788",5071,0.623,0.342
"1789",46099,0.532,0.468
"1790",48055,0.652,0.327
"1791",2150,0.130457229,0.869528954
"1792",41045,0.48,0.52
"1793",42027,0.448,0.546
"1794",41011,0.439,0.561
"1795",48167,0.682,0.306
"1796",42101,0.626,0.37
"1797",40081,0.385,0.538
"1798",39043,0.553,0.436
"1799",48453,0.482,0.514
"1800",13307,0.895,0.095
"1801",33013,0.403136866,0.596863134
"1802",47103,0.673,0.303
"1803",55077,0.427,0.567
"1804",21199,0.474,0.466
"1805",29111,0.483,0.483
"1806",8061,0.455,0.182
"1807",21193,0.3,0.596
"1808",38101,0.475,0.465
"1809",1009,0.551,0.386
"1810",13017,0.802,0.184
"1811",23015,0.4,0.49
"1812",13075,0.762,0.225
"1813",18051,0.505,0.495
"1814",31083,0.52,0.48
"1815",16043,0.172,0.828
"1816",13217,0.78,0.215
"1817",1065,0.796,0.14
"1818",5023,0.687,0.286
"1819",6027,0.432,0.547
"1820",13149,0.701,0.282
"1821",13163,0.885,0.11
"1822",48299,0.645,0.336
"1823",48009,0.589,0.381
"1824",5149,0.582,0.348
"1825",38125,0.444583333,0.477083333
"1826",31183,0.5,0.5
"1827",51097,0.787,0.208
"1828",17011,0.445,0.542
"1829",55021,0.392,0.605
"1830",48503,0.586,0.388
"1831",28005,0.89,0.093
"1832",17019,0.338,0.659
"1833",12013,0.362,0.452
"1834",17201,0.472,0.523
"1835",19083,0.577,0.423
"1836",20029,0.478978495,0.459301075
"1837",17015,0.488,0.5
"1838",47067,0.537,0.443
"1839",20209,0.4825,0.4675
"1840",54005,0.268,0.52
"1841",38001,0.444583333,0.477083333
"1842",13219,0.525,0.471
"1843",30049,0.473,0.481
"1844",40043,0.275,0.554
"1845",40085,0.32,0.511
"1846",40127,0.267,0.561
"1847",35053,0.506,0.494
"1848",40149,0.251,0.601
"1849",29029,0.489,0.499
"1850",18005,0.466,0.534
"1851",48045,0.571,0.393
"1852",48015,0.734,0.246
"1853",49017,0.232,0.737
"1854",55015,0.429,0.568
"1855",17141,0.402,0.592
"1856",31137,0.44,0.56
"1857",48145,0.814,0.17
"1858",29011,0.481,0.502
"1859",48437,0.605,0.335
"1860",20143,0.478978495,0.459301075
"1861",20063,0.478978495,0.459301075
"1862",18037,0.501,0.499
"1863",30105,0.467,0.457
"1864",54039,0.45,0.48
"1865",48189,0.603,0.34
"1866",28103,0.905,0.087
"1867",26065,0.437,0.547
"1868",18063,0.414,0.586
"1869",49001,0,0
"1870",26147,0.413,0.582
"1871",21051,0.484,0.416
"1872",37101,0.521,0.405
"1873",11079,0.779895432,0.21008905
"1874",32001,0.5,0.5
"1875",42047,0.451,0.528
"1876",39013,0.531,0.435
"1877",13087,0.79,0.2
"1878",5015,0,0
"1879",22007,0.714,0.195
"1880",19103,0.402,0.595
"1881",47001,0.547,0.434
"1882",10045,0.600659543,0.390323833
"1883",32033,0.505,0.495
"1884",45043,0.778,0.212
"1885",26007,0.443,0.541
"1886",17007,0.411,0.583
"1887",54029,0.368,0.541
"1888",20069,0.478978495,0.459301075
"1889",34017,0.665,0.335
"1890",28031,0.882,0.107
"1891",31135,0.762,0.238
"1892",56011,0.5,0.5
"1893",30067,0.373,0.607
"1894",40125,0.375,0.555
"1895",31181,0.667,0.333
"1896",17181,0.433,0.542
"1897",25013,0.509750739,0.470266722
"1898",21113,0.442,0.498
"1899",37011,0.414,0.539
"1900",36029,0.504,0.496
"1901",36109,0.377,0.623
"1902",21169,0.417,0.479
"1903",42035,0.485,0.497
"1904",13095,0.857,0.138
"1905",21129,0.429,0.483
"1906",32017,0.603,0.397
"1907",19085,0.453,0.547
"1908",20085,0.478978495,0.459301075
"1909",6021,0.491,0.488
"1910",18133,0.45,0.55
"1911",31065,0.48,0.52
"1912",8033,0.229,0.629
"1913",18149,0.452,0.548
"1914",20027,0.51,0.435
"1915",12113,0.492,0.45
"1916",37097,0.509,0.432
"1917",42065,0.433,0.535
"1918",29077,0.383,0.611
"1919",47085,0.677,0.305
"1920",29155,0.694,0.288
"1921",31105,0.348,0.652
"1922",27093,0.465952381,0.464285714
"1923",39091,0.496,0.489
"1924",13195,0.557,0.429
"1925",18107,0.425,0.575
"1926",51035,0.571,0.424
"1927",13185,0.68,0.313
"1928",4015,0.564,0.385
"1929",17109,0.414,0.578
"1930",47117,0.674,0.309
"1931",26111,0.398,0.587
"1932",1093,0.655,0.296
"1933",51025,0.897,0.101
"1934",16021,0.144,0.84
"1935",48481,0.786,0.182
"1936",4027,0.637,0.315
"1937",27173,0.465952381,0.464285714
"1938",1045,0.77,0.207
"1939",28107,0.858,0.134
"1940",48119,0.679,0.315
"1941",40099,0.327,0.546
"1942",5053,0.663,0.288
"1943",38087,0.444583333,0.477083333
"1944",39063,0.449,0.542
"1945",30095,0.461,0.492
"1946",37055,0.425,0.489
"1947",12075,0.5,0.431
"1948",19089,0.461,0.539
"1949",46043,0.565,0.435
"1950",48061,0.682,0.279
"1951",25025,0.569201673,0.420730006
"1952",28123,0.855,0.131
"1953",19023,0.417,0.583
"1954",21011,0.456,0.466
"1955",5107,0.754,0.183
"1956",42125,0.572,0.409
"1957",41069,0.358,0.642
"1958",2050,0.171062173,0.828935602
"1959",38005,0.444583333,0.477083333
"1960",28157,0.934,0.051
"1961",48283,0.701,0.196
"1962",51683,0.581,0.41
"1963",56045,0.5,0.5
"1964",48499,0.687,0.296
"1965",48071,0.68,0.29
"1966",48039,0.696,0.288
"1967",12037,0.47,0.457
"1968",6031,0.592,0.385
"1969",51101,0.719,0.269
"1970",29133,0.672,0.289
"1971",21045,0.507,0.44
"1972",5009,0.592,0.385
"1973",47095,0.778,0.197
"1974",1037,0.877,0.108
"1975",19081,0.612,0.388
"1976",53071,0.292,0.708
"1977",39011,0.51,0.471
"1978",31147,0.563,0.438
"1979",28051,0.929,0.065
"1980",48477,0.731,0.257
"1981",1021,0.731,0.246
"1982",17189,0.397,0.577
"1983",41001,0.399,0.601
"1984",26155,0.394,0.578
"1985",13111,0.599,0.391
"1986",24041,0.611,0.343
"1987",37063,0.575,0.41
"1988",38033,0.444583333,0.477083333
"1989",48121,0.508,0.485
"1990",56013,0.5,0.5
"1991",48259,0.562,0.43
"1992",23017,0.515,0.4375
"1993",27105,0.465952381,0.464285714
"1994",13155,0.799,0.181
"1995",48163,0.677,0.229
"1996",40055,0.276,0.558
"1997",5123,0.808,0.15
"1998",38027,0.444583333,0.477083333
"1999",31049,0.4,0.6
"2000",27037,0.505,0.45
"2001",33021,0.381036672,0.599605761
"2002",17053,0.391,0.594
"2003",21225,0.299,0.493
"2004",37189,0.296,0.685
"2005",26017,0.46,0.493
"2006",1003,0.647,0.329
"2007",38053,0.444583333,0.477083333
"2008",2232,0.197254902,0.802745098
"2009",19189,0.425,0.575
"2010",12009,0.597,0.377
"2011",5095,0.607,0.296
"2012",21235,0.525,0.411
"2013",24031,0.67,0.311
"2014",45067,0.854,0.14
"2015",31151,0.551,0.449
"2016",29227,0.415,0.535
"2017",42021,0.471,0.501
"2018",54053,0.356,0.516
"2019",51113,0.591,0.407
"2020",37001,0.537,0.419
"2021",20111,0.49,0.46
"2022",51161,0.543,0.451
"2023",41055,0.453,0.547
"2024",39133,0.49,0.502
"2025",17169,0.544,0.433
"2026",47043,0.671,0.312
"2027",20061,0.465625,0.46625
"2028",29087,0.522,0.449
"2029",20075,0.478978495,0.459301075
"2030",47089,0.542,0.436
"2031",1057,0.767,0.172
"2032",8049,0.321,0.638
"2033",13267,0.761,0.225
"2034",18061,0.537,0.463
"2035",39079,0.583,0.401
"2036",26053,0.449,0.523
"2037",21075,0.466,0.362
"2038",8053,0.214,0.714
"2039",17091,0.457,0.536
"2040",48427,0.778,0.183
"2041",39161,0.519,0.454
"2042",27033,0.465952381,0.464285714
"2043",19095,0.51,0.49
"2044",34041,0.491,0.509
"2045",45047,0.774,0.212
"2046",28111,0.827,0.159
"2047",46039,0.593,0.407
"2048",45035,0.702,0.292
"2049",48059,0.441,0.533
"2050",39111,0.481,0.459
"2051",47165,0.643,0.344
"2052",27119,0.49,0.46
"2053",48347,0.652,0.338
"2054",48369,0.726,0.23
"2055",46023,0.514,0.486
"2056",48031,0.547,0.453
"2057",29023,0.527,0.454
"2058",18125,0.457,0.543
"2059",21047,0.502,0.399
"2060",51570,0.558,0.433
"2061",48003,0.661,0.33
"2062",8081,0.42,0.56
"2063",33027,0.381036672,0.599605761
"2064",19067,0.567,0.433
"2065",51159,0.8,0.192
"2066",51610,0.612,0.385
"2067",28037,0.841,0.144
"2068",18031,0.463,0.537
"2069",42029,0.557,0.44
"2070",51139,0.536,0.46
"2071",31143,0.534,0.466
"2072",51045,0.511,0.48
"2073",48113,0.715,0.278
"2074",29091,0.402,0.584
"2075",48257,0.697,0.296
"2076",27087,0.465952381,0.464285714
"2077",16067,0.333,0.654
"2078",51007,0.788,0.21
"2079",42041,0.514,0.479
"2080",9007,0.460384873,0.529532195
"2081",1079,0.777,0.162
"2082",20079,0.478978495,0.459301075
"2083",40065,0.386,0.498
"2084",19165,0.42,0.58
"2085",20083,0.478978495,0.459301075
"2086",13249,0.834,0.143
"2087",46055,0.303,0.697
"2088",47181,0.63,0.342
"2089",53057,0.265,0.735
"2090",35061,0.521,0.48
"2091",48445,0.59,0.347
"2092",46097,0.565,0.435
"2093",28041,0.84,0.137
"2094",46081,0.428,0.572
"2095",21091,0.425,0.497
"2096",21079,0.505,0.45
"2097",37105,0.546,0.381
"2098",19131,0.65,0.338
"2099",22077,0.767,0.161
"2100",19055,0.55,0.43
"2101",6043,0.47,0.512
"2102",1089,0.686,0.301
"2103",48325,0.698,0.284
"2104",16065,0.178,0.818
"2105",17135,0.483,0.493
"2106",2240,0.214166667,0.7825
"2107",28113,0.865,0.128
"2108",49029,0.26,0.693
"2109",1051,0.801,0.184
"2110",39009,0.382,0.612
"2111",4025,0.529,0.447
"2112",36059,0.626,0.374
"2113",18159,0.419,0.581
"2114",6003,0.456,0.535
"2115",20163,0.478978495,0.459301075
"2116",17165,0.459,0.507
"2117",6059,0.546,0.445
"2118",8091,0.355,0.645
"2119",21049,0.455,0.475
"2120",26015,0.354,0.628
"2121",36091,0.442,0.558
"2122",23001,0.504615385,0.443076923
"2123",45057,0.73,0.266
"2124",11049,0.779895432,0.21008905
"2125",40083,0.421,0.527
"2126",26101,0.396,0.582
"2127",51015,0.48,0.514
"2128",11045,0.779895432,0.21008905
"2129",19079,0.589,0.411
"2130",13147,0.723,0.27
"2131",28119,0.853,0.123
"2132",37093,0.597,0.311
"2133",31155,0.365,0.635
"2134",47157,0.801,0.193
"2135",16051,0.192,0.808
"2136",26141,0.477,0.488
"2137",21081,0.409,0.492
"2138",29093,0.438,0.535
"2139",38081,0.444583333,0.477083333
"2140",36113,0.383,0.617
"2141",51081,0.877,0.119
"2142",48291,0.715,0.26
"2143",47151,0.583,0.385
"2144",36103,0.547,0.453
"2145",8015,0.339,0.652
"2146",48403,0.664,0.284
"2147",39167,0.505,0.476
"2148",20041,0.4425,0.45
"2149",13199,0.854,0.138
"2150",48295,0.647,0.324
"2151",16019,0.209,0.791
"2152",21119,0.308,0.588
"2153",16001,0.182,0.805
"2154",48301,0.25,0.417
"2155",39005,0.491,0.495
"2156",50005,0.100100883,0.88990131
"2157",30011,0.447,0.553
"2158",19107,0.625,0.35
"2159",11077,0.779895432,0.21008905
"2160",21073,0.451,0.466
"2161",45069,0.89,0.105
"2162",6115,0.464,0.511
"2163",20051,0.57,0.4
"2164",42037,0.403,0.584
"2165",20021,0.478978495,0.459301075
"2166",48127,0.689,0.204
"2167",20037,0.432,0.5
"2168",29047,0.455,0.537
"2169",42059,0.521,0.45
"2170",21111,0.573,0.403
"2171",26121,0.439,0.537
"2172",13229,0.67,0.318
"2173",21203,0.457,0.488
"2174",29127,0.547,0.418
"2175",49021,0.181,0.815
"2176",45079,0.758,0.238
"2177",29069,0.609,0.377
"2178",29213,0.462,0.529
"2179",2270,0.251630754,0.748349657
"2180",13279,0.762,0.225
"2181",6087,0.442,0.553
"2182",17173,0.441,0.53
"2183",27145,0.465952381,0.464285714
"2184",27159,0.465952381,0.464285714
"2185",48099,0.627,0.358
"2186",42121,0.48,0.497
"2187",16081,0.21,0.778
"2188",19101,0.273,0.727
"2189",17177,0.502,0.488
"2190",22065,0.823,0.112
"2191",24023,0.408,0.471
"2192",23009,0.467777778,0.464444444
"2193",28013,0.849,0.136
"2194",38043,0.444583333,0.477083333
"2195",6013,0.594,0.399
"2196",21197,0.424,0.507
"2197",28131,0.775,0.205
"2198",32021,0.534,0.466
"2199",51037,0.791,0.202
"2200",29017,0.538,0.451
"2201",1013,0.921,0.065
"2202",55105,0.392,0.605
"2203",51041,0.661,0.335
"2204",28007,0.877,0.113
"2205",17195,0.48,0.514
"2206",25003,0.479979644,0.510006913
"2207",5011,0.832,0.149
"2208",37047,0.563,0.311
"2209",53053,0.265,0.733
"2210",33031,0.381036672,0.599605761
"2211",26009,0.361,0.621
"2212",29037,0.468,0.521
"2213",22003,0.551,0.306
"2214",32005,0.541,0.459
"2215",44005,0.420014579,0.559980742
"2216",28097,0.89,0.102
"2217",45045,0.641,0.355
"2218",55109,0.46,0.533
"2219",34021,0.662,0.338
"2220",41043,0.419,0.581
"2221",54045,0.235,0.505
"2222",13099,0.892,0.101
"2223",48473,0.675,0.308
"2224",45063,0.609,0.386
"2225",48219,0.583,0.369
"2226",28137,0.851,0.144
"2227",49055,0.297,0.693
"2228",48373,0.713,0.267
"2229",31073,0.414,0.586
"2230",21139,0.344,0.524
"2231",41031,0.48,0.52
"2232",2230,0.215653911,0.782482561
"2233",21109,0.359,0.59
"2234",29131,0.465,0.517
"2235",27053,0.460833333,0.466666667
"2236",12133,0.471,0.429
"2237",29185,0.499,0.47
"2238",33003,0.363534046,0.636465954
"2239",27121,0.465952381,0.464285714
"2240",44007,0.43998532,0.530020034
"2241",20125,0.45,0.46
"2242",51023,0.557,0.436
"2243",17037,0.331,0.665
"2244",39025,0.494,0.5
"2245",17033,0.501,0.479
"2246",19007,0.547,0.453
"2247",51003,0.545,0.45
"2248",34013,0.732,0.268
"2249",48399,0.576,0.396
"2250",39105,0.499,0.472
"2251",37147,0.57,0.363
"2252",28081,0.769,0.225
"2253",20003,0.51,0.44
"2254",6073,0.551,0.441
"2255",20133,0.47,0.444
"2256",27025,0.465952381,0.464285714
"2257",31123,0.419,0.581
"2258",38075,0.444583333,0.477083333
"2259",36073,0.426,0.574
"2260",17155,0.464,0.52
"2261",5043,0.678,0.257
"2262",50023,0.120102788,0.869903943
"2263",54017,0.288,0.589
"2264",53077,0.237,0.757
"2265",20203,0.478978495,0.459301075
"2266",21037,0.481,0.475
"2267",33001,0.36814346,0.63185654
"2268",28129,0.814,0.168
"2269",37115,0.345,0.587
"2270",13013,0.617,0.372
"2271",35037,0.515,0.485
"2272",18155,0.512,0.488
"2273",27067,0.465952381,0.464285714
"2274",35057,0.499,0.501
"2275",34015,0.562,0.438
"2276",31173,0.471,0.529
"2277",31095,0.414,0.586
"2278",27051,0.465952381,0.464285714
"2279",26075,0.427,0.55
"2280",55113,0.369,0.626
"2281",12051,0.606,0.339
"2282",17065,0.428,0.497
"2283",29510,0.55,0.443
"2284",20183,0.478978495,0.459301075
"2285",28071,0.643,0.35
"2286",39107,0.535,0.444
"2287",28039,0.721,0.252
"2288",48227,0.635,0.347
"2289",21151,0.416,0.53
"2290",55069,0.414,0.583
"2291",17031,0.539747826,0.45024997
"2292",11001,0.7795,0.2069
"2293",5085,0.654,0.321
"2294",54057,0.38,0.493
"2295",48343,0.733,0.229
"2296",27069,0.465952381,0.464285714
"2297",21179,0.476,0.466
"2298",1113,0.728,0.164
"2299",26089,0.377,0.61
"2300",22071,0.747,0.241
"2301",49035,0.209,0.788
"2302",21153,0.427,0.523
"2303",29139,0.494,0.485
"2304",17129,0.444,0.547
"2305",29520,0.529722924,0.460262579
"2306",17035,0.396,0.563
"2307",17023,0.447,0.53
"2308",28025,0.86,0.127
"2309",30079,0.49,0.449
"2310",29209,0.469,0.515
"2311",31177,0.493,0.507
"2312",28059,0.761,0.229
"2313",47101,0.492,0.483
"2314",17043,0.474,0.523
"2315",28069,0.892,0.094
"2316",26047,0.339,0.641
"2317",21009,0.372,0.499
"2318",16063,0.385,0.564
"2319",31087,0.6,0.4
"2320",29205,0.511,0.426
"2321",55097,0.349,0.647
"2322",55121,0.448,0.548
"2323",8123,0.385,0.607
"2324",21083,0.318,0.513
"2325",54077,0.313,0.562
"2326",29215,0.463,0.512
"2327",17089,0.435,0.562
"2328",13137,0.52,0.473
"2329",48331,0.678,0.296
"2330",48271,0.608,0.308
"2331",48313,0.754,0.229
"2332",17197,0.471,0.524
"2333",8067,0.358,0.641
"2334",21035,0.358,0.55
"2335",55029,0.461,0.536
"2336",8037,0.352,0.637
"2337",55078,0.364,0.633
"2338",17083,0.435,0.545
"2339",31129,0.486,0.514
"2340",21013,0.447,0.456
"2341",11047,0.779895432,0.21008905
"2342",26119,0.487,0.476
"2343",31119,0.392,0.608
"2344",42083,0.457,0.527
"2345",12005,0.526,0.417
"2346",19017,0.533,0.453
"2347",8111,0.289,0.711
"2348",21131,0.438,0.527
"2349",55107,0.425,0.569
"2350",56025,0.526,0.474
"2351",47147,0.685,0.295
"2352",27099,0.44,0.5
"2353",6061,0.569,0.42
"2354",19015,0.45,0.55
"2355",26087,0.403,0.565
"2356",38059,0.425,0.48
"2357",21171,0.508,0.44
"2358",19061,0.522,0.474
"2359",37139,0.652,0.298
"2360",39153,0.566,0.429
"2361",20151,0.478978495,0.459301075
"2362",42043,0.569,0.424
"2363",28017,0.831,0.156
"2364",49025,0.21,0.782
"2365",48017,0.712,0.246
"2366",5129,0.564,0.418
"2367",22049,0.659,0.213
"2368",26157,0.426,0.544
"2369",54079,0.401,0.513
"2370",21137,0.477,0.455
"2371",39073,0.523,0.46
"2372",51073,0.591,0.405
"2373",8121,0.435,0.522
"2374",54035,0.4,0.499
"2375",55089,0.488,0.51
"2376",35013,0.557,0.443
"2377",46041,0.346,0.654
"2378",36043,0.44,0.56
"2379",1127,0.671,0.275
"2380",48191,0.643,0.286
"2381",8101,0.517,0.467
"2382",31185,0.33,0.67
"2383",40049,0.327,0.541
"2384",28045,0.62,0.368
"2385",42091,0.59,0.407
"2386",26139,0.344,0.642
"2387",51141,0.488,0.503
"2388",48069,0.738,0.233
"2389",13001,0.756,0.219
"2390",19121,0.533,0.467
"2391",22127,0.635,0.251
"2392",21149,0.381,0.501
"2393",21015,0.518,0.441
"2394",51033,0.743,0.25
"2395",29151,0.477,0.495
"2396",35041,0.418,0.582
"2397",29129,0.519,0.474
"2398",45055,0.771,0.224
"2399",11051,0.779895432,0.21008905
"2400",18117,0.477,0.523
"2401",29195,0.514,0.455
"2402",30005,0.385,0.544
"2403",54105,0.292,0.56
"2404",28077,0.85,0.137
"2405",26091,0.437,0.539
"2406",17143,0.52,0.474
"2407",49045,0.195,0.8
"2408",2180,0.259634766,0.740357422
"2409",41013,0.452,0.548
"2410",19011,0.56,0.44
"2411",48483,0.597,0.371
"2412",51043,0.514,0.477
"2413",19027,0.63,0.37
"2414",29173,0.545,0.409
"2415",16029,0.3,0.7
"2416",16025,0.368,0.579
"2417",46047,0.405,0.595
"2418",8073,0.476,0.333
"2419",38097,0.444583333,0.477083333
"2420",18145,0.448,0.552
"2421",39165,0.533,0.463
"2422",46071,0.461,0.539
"2423",38037,0.444583333,0.477083333
"2424",27095,0.52,0.44
"2425",29117,0.485,0.486
"2426",48447,0.619,0.381
"2427",17093,0.412,0.584
"2428",56043,0.667,0.333
"2429",48333,0.532,0.436
"2430",47143,0.576,0.379
"2431",29147,0.416,0.561
"2432",13221,0.605,0.386
"2433",20095,0.478978495,0.459301075
"2434",31109,0.383,0.617
"2435",39127,0.567,0.414
"2436",17145,0.468,0.51
"2437",8107,0.357,0.63
"2438",6077,0.598,0.388
"2439",40121,0.316,0.558
"2440",27097,0.465952381,0.464285714
"2441",48389,0.596,0.297
"2442",39117,0.521,0.463
"2443",48317,0.59,0.279
"2444",36123,0.452,0.548
"2445",37123,0.549,0.355
"2446",30057,0.446,0.516
"2447",40113,0.475,0.462
"2448",18097,0.504,0.496
"2449",46137,0.411,0.589
"2450",4021,0.621,0.344
"2451",45081,0.837,0.157
"2452",27077,0.465952381,0.464285714
"2453",1099,0.909,0.076
"2454",21195,0.261,0.543
"2455",1109,0.837,0.145
"2456",48415,0.616,0.34
"2457",5035,0.764,0.163
"2458",17133,0.442,0.546
"2459",37107,0.641,0.264
"2460",21005,0.36,0.524
"2461",41007,0.441,0.559
"2462",40053,0.319,0.571
"2463",19045,0.486,0.514
"2464",21161,0.441,0.47
"2465",38025,0.444583333,0.477083333
"2466",56007,0.571,0.429
"2467",20179,0.478978495,0.459301075
"2468",31091,0.429,0.571
"2469",12099,0.715,0.272
"2470",5115,0.576,0.4
"2471",12027,0.526,0.387
"2472",48377,0.574,0.331
"2473",47139,0.479,0.352
"2474",30099,0.405,0.497
"2475",40033,0.297,0.564
"2476",51790,0.448,0.548
"2477",45009,0.883,0.105
"2478",36053,0.445,0.555
"2479",51169,0.562,0.429
"2480",18153,0.421,0.579
"2481",20139,0.478978495,0.459301075
"2482",51125,0.562,0.431
"2483",26137,0.38,0.593
"2484",2130,0.170498489,0.829493454
"2485",56009,0.4,0.6
"2486",11067,0.779895432,0.21008905
"2487",22123,0.49,0.315
"2488",13315,0.868,0.118
"2489",16055,0.24,0.759
"2490",5073,0.687,0.248
"2491",45019,0.66,0.334
"2492",46135,0.549,0.451
"2493",31127,0.473,0.527
"2494",13023,0.777,0.206
"2495",56999,0.448368101,0.548696976
"2496",36047,0.6,0.4
"2497",21127,0.353,0.524
"2498",2016,0.219964307,0.780017847
"2499",12011,0.725,0.264
"2500",18179,0.489,0.511
"2501",20165,0.478978495,0.459301075
"2502",48367,0.545,0.446
"2503",19047,0.451,0.417
"2504",12049,0.527,0.391
"2505",13091,0.795,0.194
"2506",16075,0.336,0.664
"2507",2195,0.199761092,0.800238908
"2508",29181,0.491,0.473
"2509",36063,0.463,0.537
"2510",27155,0.465952381,0.464285714
"2511",13065,0.795,0.181
"2512",1047,0.744,0.154
"2513",13281,0.529,0.451
"2514",30053,0.423,0.535
"2515",27049,0.465952381,0.464285714
"2516",51750,0.416,0.577
"2517",38099,0.33,0.52
"2518",54081,0.346,0.524
"2519",26073,0.332,0.657
"2520",31089,0.556,0.444
"2521",28063,0.89,0.101
"2522",29083,0.517,0.461
"2523",24033,0.742,0.242
"2524",20189,0.478978495,0.459301075
"2525",55099,0.378,0.616
"2526",40045,0.233,0.641
"2527",39147,0.496,0.492
"2528",37177,0.493,0.365
"2529",39173,0.458,0.537
"2530",29043,0.408,0.584
"2531",27029,0.465952381,0.464285714
"2532",45041,0.78,0.214
"2533",28057,0.692,0.277
"2534",18047,0.547,0.453
"2535",49003,0.242,0.755
"2536",27071,0.465952381,0.464285714
"2537",38017,0.47,0.454
"2538",45023,0.796,0.2
"2539",17131,0.513,0.466
"2540",13225,0.837,0.158
"2541",39085,0.543,0.449
"2542",8063,0.407,0.593
"2543",13071,0.761,0.222
"2544",53047,0.13,0.87
"2545",46085,0.5,0.5
"2546",17039,0.454,0.533
"2547",38049,0.444583333,0.477083333
"2548",54087,0.391,0.529
"2549",38015,0.485,0.49
"2550",51049,0.799,0.198
"2551",20071,0.478978495,0.459301075
"2552",11057,0.779895432,0.21008905
"2553",48431,0.5,0.4
"2554",1041,0.878,0.103
"2555",13067,0.635,0.362
"2556",30025,0.586,0.362
"2557",51515,0.635588992,0.359832052
"2558",36081,0.616,0.384
"2559",48139,0.695,0.292
"2560",48357,0.53,0.439
"2561",48393,0.6,0.4
"2562",37109,0.513,0.418
"2563",56033,0.5,0.5
"2564",23025,0.449090909,0.480909091
"2565",40141,0.332,0.537
"2566",40145,0.435,0.491
"2567",39031,0.536,0.445
"2568",30001,0.417,0.55
"2569",29153,0.421,0.568
"2570",41057,0.462,0.538
"2571",54099,0.306,0.459
"2572",20109,0.43,0.43
"2573",5091,0.761,0.208
"2574",41005,0.485,0.515
"2575",29187,0.453,0.53
"2576",37183,0.534,0.448
"2577",6051,0.449,0.546
"2578",2090,0.234320557,0.756829268
"2579",29097,0.371,0.62
"2580",47167,0.711,0.281
"2581",17055,0.421,0.539
"2582",30029,0.421,0.555
"2583",51111,0.836,0.16
"2584",53039,0.167,0.833
"2585",21001,0.496,0.437
"2586",38061,0.444583333,0.477083333
"2587",18101,0.456,0.544
"2588",41073,0.422294837,0.55596533
"2589",22057,0.505,0.36
"2590",12083,0.627,0.341
"2591",6075,0.556,0.439
"2592",21117,0.49,0.465
"2593",51121,0.407,0.59
"2594",29149,0.53,0.45
"2595",33005,0.292906957,0.707093043
"2596",18095,0.481,0.519
"2597",28003,0.708,0.264
"2598",35023,0.615,0.385
"2599",13255,0.786,0.206
"2600",51710,0.692,0.304
"2601",40119,0.389,0.567
"2602",28027,0.823,0.158
"2603",48105,0.377,0.34
"2604",18039,0.408,0.592
"2605",16069,0.286,0.707
"2606",47011,0.552,0.437
"2607",19141,0.51,0.473
"2608",39035,0.632,0.363
"2609",22037,0.776,0.146
"2610",17073,0.507,0.484
"2611",51171,0.505,0.489
"2612",53059,0.098,0.902
"2613",12053,0.596,0.37
"2614",36035,0.389,0.611
"2615",51147,0.758,0.233
"2616",39069,0.5,0.487
"2617",6105,0.373,0.608
"2618",55087,0.396,0.601
"2619",22119,0.748,0.174
"2620",42009,0.49,0.488
"2621",51580,0.735,0.256
"2622",22115,0.495,0.358
"2623",41059,0.467,0.533
"2624",27135,0.465952381,0.464285714
"2625",23021,0.5075,0.42
"2626",12109,0.57,0.407
"2627",27129,0.465952381,0.464285714
"2628",37099,0.381,0.57
"2629",47087,0.653,0.315
"2630",47145,0.601,0.379
"2631",15007,0.228,0.771
"2632",39075,0.488,0.485
"2633",48231,0.605,0.386
"2634",20127,0.478978495,0.459301075
"2635",55067,0.45,0.542
"2636",36021,0.429,0.571
"2637",47059,0.534,0.442
"2638",37007,0.661,0.262
"2639",50019,0.12001835,0.879962709
"2640",46037,0.628,0.372
"2641",54047,0.299,0.555
"2642",37159,0.527,0.416
"2643",28089,0.834,0.161
"2644",8039,0.379,0.613
"2645",37083,0.667,0.248
"2646",17191,0.417,0.541
"2647",28155,0.819,0.163
"2648",48049,0.585,0.389
"2649",8035,0.496,0.497
"2650",51191,0.541,0.45
"2651",24039,0.626,0.294
"2652",20135,0.478978495,0.459301075
"2653",48115,0.702,0.26
"2654",37073,0.617,0.293
"2655",47131,0.653,0.297
"2656",5139,0.503,0.33
"2657",47025,0.617,0.354
"2658",24011,0.514,0.412
"2659",30091,0.478,0.43
"2660",18113,0.471,0.529
"2661",40009,0.312,0.554
"2662",55101,0.489,0.508
"2663",31153,0.404,0.596
"2664",13093,0.884,0.109
"2665",38095,0.444583333,0.477083333
"2666",26159,0.397,0.585
"2667",17057,0.451,0.533
"2668",17151,0.372,0.601
"2669",20007,0.478978495,0.459301075
"2670",37141,0.564,0.368
"2671",47177,0.643,0.327
"2672",48405,0.83,0.141
"2673",45073,0.596,0.396
"2674",6065,0.599,0.39
"2675",23027,0.474,0.462
"2676",56001,0.242,0.758
"2677",20155,0.47,0.464
"2678",22075,0.716,0.227
"2679",22055,0.597,0.355
"2680",51770,0.59,0.407
"2681",36083,0.416,0.584
"2682",39027,0.485,0.503
"2683",12035,0.658,0.319
"2684",32073,0.528157928,0.471767887
"2685",21173,0.458,0.47
"2686",23007,0.49,0.453333333
"2687",13109,0.785,0.192
"2688",48261,0.594,0.302
"2689",40025,0.175,0.54
"2690",27035,0.465952381,0.464285714
"2691",11083,0.779895432,0.21008905
"2692",17121,0.477,0.498
"2693",37117,0.618,0.274
"2694",22105,0.657,0.255
"2695",31079,0.447,0.553
"2696",37079,0.587,0.294
"2697",39045,0.553,0.438
"2698",48371,0.554,0.332
"2699",18115,0.582,0.418
"2700",20131,0.396666667,0.483333333
"2701",51820,0.503,0.49
"2702",28011,0.854,0.139
"2703",28147,0.885,0.105
"2704",20147,0.478978495,0.459301075
"2705",55033,0.36,0.635
"2706",47015,0.645,0.32
"2707",31161,0.385,0.615
"2708",28135,0.874,0.108
"2709",5083,0.689,0.282
"2710",30043,0.456,0.501
"2711",47175,0.676,0.268
"2712",30061,0.434,0.534
"2713",55049,0.402,0.594
"2714",47133,0.591,0.319
"2715",13241,0.541,0.444
"2716",21141,0.438,0.46
"2717",16005,0.2,0.797
"2718",21089,0.438,0.477
"2719",41029,0.437,0.563
"2720",47045,0.715,0.265
"2721",31035,0.255,0.745
"2722",30087,0.38,0.547
"2723",35165,0.516843221,0.483269461
"2724",48493,0.714,0.268
"2725",55111,0.385,0.612
"2726",29057,0.481,0.51
"2727",39129,0.556,0.432
"2728",37163,0.657,0.269
"2729",42011,0.483,0.507
"2730",51005,0.633,0.36
"2731",45007,0.669,0.324
"2732",47007,0.607,0.328
"2733",38057,0.444583333,0.477083333
"2734",21019,0.447,0.461
"2735",47113,0.807,0.185
"2736",17009,0.492,0.48
"2737",51009,0.652,0.341
"2738",45091,0.635,0.361
"2739",42001,0.482,0.509
"2740",51840,0.51,0.484
"2741",48305,0.583,0.417
"2742",39015,0.583,0.398
"2743",53069,0.105,0.895
"2744",21233,0.287,0.485
"2745",27039,0.49,0.46
"2746",12069,0.635,0.338
"2747",17003,0.6,0.338
"2748",54013,0.236,0.606
"2749",27115,0.49,0.46
"2750",20081,0.478978495,0.459301075
"2751",17027,0.412,0.575
"2752",20191,0.525,0.43
"2753",29225,0.44,0.548
"2754",19057,0.467,0.533
"2755",56015,0.6,0.4
"2756",55083,0.481,0.513
"2757",29031,0.466,0.524
"2758",29161,0.384,0.589
"2759",31053,0.526,0.474
"2760",22011,0.535,0.308
"2761",54067,0.295,0.529
"2762",46031,0.437,0.563
"2763",53051,0.222,0.778
"2764",5041,0.686,0.23
"2765",13043,0.783,0.199
"2766",29186,0.503,0.476
"2767",24017,0.683,0.282
"2768",28083,0.904,0.095
"2769",42093,0.479,0.503
"2770",12025,0.641328976,0.33493735
"2771",51595,0.88805296,0.111897196
"2772",34025,0.582,0.418
"2773",39057,0.494,0.5
"2774",48319,0.627,0.352
"2775",21097,0.414,0.495
"2776",18183,0.436,0.564
"2777",39101,0.569,0.42
"2778",45025,0.828,0.167
"2779",11011,0.779895432,0.21008905
"2780",19003,0.568,0.432
"2781",12015,0.621,0.354
"2782",13313,0.533,0.454
"2783",41009,0.419,0.581
"2784",12087,0.553,0.428
"2785",19197,0.547,0.453
"2786",22031,0.771,0.163
"2787",2282,0.130651163,0.869348837
"2788",2275,0.215653911,0.782482561
"2789",47019,0.476,0.51
"2790",48467,0.641,0.335
"2791",19091,0.555,0.445
"2792",12059,0.283,0.517
"2793",18141,0.472,0.528
"2794",20091,0.505227273,0.4475
"2795",26057,0.394,0.603
"2796",35031,0.591,0.409
"2797",1027,0.818,0.137
"2798",40137,0.312,0.561
"2799",29179,0.471,0.467
"2800",51730,0.854,0.143
"2801",48381,0.511,0.476
"2802",27081,0.5,0.4
"2803",27141,0.32,0.51
"2804",9003,0.52975407,0.450252566
"2805",42025,0.487,0.499
"2806",35049,0.506,0.494
"2807",39051,0.487,0.503
"2808",37013,0.556,0.349
"2809",53067,0.22,0.778
"2810",16073,0.355,0.645
"2811",55129,0.424,0.568
"2812",39081,0.547,0.423
"2813",16085,0.269,0.731
"2814",45013,0.733,0.263
"2815",8125,0.536,0.393
"2816",5143,0.513,0.479
"2817",46079,0.515,0.485
"2818",53009,0.31,0.686
"2819",42015,0.488,0.497
"2820",31171,1,0
"2821",24001,0.418,0.447
"2822",46009,0.533,0.467
"2823",55063,0.369,0.628
"2824",27169,0.465952381,0.464285714
"2825",19135,0.433,0.446
"2826",11031,0.779895432,0.21008905
"2827",36057,0.421,0.579
"2828",26105,0.406,0.577
"2829",22121,0.734,0.199
"2830",28091,0.875,0.115
"2831",27171,0.465952381,0.464285714
"2832",39097,0.568,0.428
"2833",38051,0.444583333,0.477083333
"2834",47185,0.606,0.353
"2835",51103,0.743,0.248
"2836",45059,0.784,0.212
"2837",48269,0.667,0.333
"2838",51079,0.487,0.508
"2839",21099,0.397,0.516
"2840",21115,0.329,0.555
"2841",8099,0.69,0.31
"2842",49053,0.304,0.695
"2843",53061,0.238,0.761
"2844",51600,0.594,0.401
"2845",48117,0.678,0.292
"2846",32013,0.338,0.663
"2847",21069,0.407,0.523
"2848",40063,0.33,0.537
"2849",24035,0.536,0.403
"2850",38003,0.3,0.49
"2851",48419,0.778,0.202
"2852",30009,0.456,0.508
"2853",27027,0.465952381,0.464285714
"2854",15001,0.226,0.773
"2855",13077,0.665,0.327
"2856",39049,0.553,0.444
"2857",37061,0.612,0.292
"2858",18119,0.374,0.626
"2859",48019,0.555,0.43
"2860",42007,0.567,0.418
"2861",20015,0.458181818,0.460909091
"2862",31021,0.563,0.438
"2863",21063,0.357,0.526
"2864",29005,0.445,0.546
"2865",55059,0.425,0.572
"2866",26027,0.484,0.491
"2867",37181,0.64,0.28
"2868",13277,0.759,0.227
"2869",25011,0.291195183,0.698773604
"2870",27045,0.465952381,0.464285714
"2871",18017,0.407,0.593
"2872",26001,0.487,0.479
"2873",42069,0.565,0.425
"2874",47159,0.706,0.273
"2875",26023,0.434,0.536
"2876",34001,0.618,0.382
"2877",11055,0.779895432,0.21008905
"2878",55013,0.494,0.503
"2879",55131,0.453,0.544
"2880",51036,0.856,0.14
"2881",55009,0.424,0.573
"2882",1119,0.809,0.113
"2883",1131,0.843,0.104
"2884",29003,0.399,0.584
"2885",17005,0.447,0.534
"2886",12047,0.547,0.346
"2887",51001,0.72,0.274
"2888",26165,0.329,0.65
"2889",39135,0.522,0.464
"2890",50027,0.160034103,0.839949966
"2891",39021,0.519,0.466
"2892",56103,0.448368101,0.548696976
"2893",37043,0.528,0.385
"2894",53033,0.326,0.673
"2895",4003,0.565,0.397
"2896",6029,0.573,0.404
"2897",51063,0.297,0.7
"2898",13011,0.49,0.481
"2899",13127,0.687,0.306
"2900",26127,0.382,0.598
"2901",30071,0.457,0.514
"2902",16049,0.348,0.652
"2903",21031,0.511,0.421
"2904",51630,0.527,0.467
"2905",39121,0.539,0.417
"2906",42057,0.489,0.487
"2907",28109,0.724,0.262
"2908",54001,0.356,0.516
"2909",13097,0.746,0.25
"2910",5099,0.592,0.28
"2911",39067,0.532,0.438
"2912",48455,0.718,0.252
"2913",36099,0.472,0.528
"2914",42031,0.493,0.488
"2915",16041,0.403,0.581
"2916",31059,0.5,0.5
"2917",27131,0.465952381,0.464285714
"2918",37135,0.484,0.499
"2919",18137,0.494,0.506
"2920",9001,0.599795885,0.380203456
"2921",41049,0.468,0.532
"2922",41023,0.359,0.641
"2923",30107,0.432,0.468
"2924",28159,0.863,0.121
"2925",26021,0.526,0.471
"2926",40073,0.332,0.585
"2927",16017,0.205,0.793
"2928",19029,0.6,0.38
"2929",1075,0.616,0.241
"2930",17069,0.404,0.554
"2931",10001,0.588,0.399
"2932",18085,0.393,0.607
"2933",29027,0.445,0.542
"2934",12125,0.367,0.516
"2935",22091,0.838,0.111
"2936",54023,0.421,0.464
"2937",39141,0.572,0.414
"2938",6071,0.572,0.415
"2939",45077,0.555,0.441
"2940",4019,0.573,0.409
"2941",42109,0.504,0.484
"2942",20105,0.48,0.46
"2943",12117,0.583,0.399
"2944",13003,0.798,0.194
"2945",22089,0.692,0.242
"2946",13129,0.575,0.41
"2947",51660,0.336,0.661
"2948",24019,0.602,0.318
"2949",13273,0.881,0.115
"2950",36093,0.472,0.528
"2951",30097,0.43,0.53
"2952",49039,0.141,0.849
"2953",19087,0.5,0.5
"2954",26067,0.34,0.641
"2955",8031,0.45,0.544
"2956",1129,0.575,0.214
"2957",38089,0.416666667,0.503333333
"2958",5037,0.742,0.217
"2959",48479,0.719,0.239
"2960",2105,0.192197205,0.807756211
"2961",29075,0.48,0.494
"2962",53035,0.274,0.725
"2963",30013,0.527,0.402
"2964",29999,0.483335777,0.503229499
"2965",29049,0.462,0.514
"2966",48089,0.748,0.237
"2967",29059,0.429,0.557
"2968",12007,0.487,0.418
"2969",51197,0.552,0.442
"2970",16015,0.321,0.679
"2971",18093,0.392,0.608
"2972",12067,0.3,0.509
"2973",29041,0.521,0.445
"2974",29101,0.425,0.562
"2975",13173,0.765,0.225
"2976",31017,0.462,0.538
"2977",28075,0.835,0.156
"2978",27015,0.465952381,0.464285714
"2979",11071,0.779895432,0.21008905
"2980",2013,0.218531421,0.781441257
"2981",20073,0.57,0.4
"2982",36051,0.401,0.599
"2983",21223,0.383,0.5
"2984",31099,0.486,0.514
"2985",13139,0.603,0.389
"2986",39169,0.513,0.48
"2987",28053,0.942,0.044
"2988",21181,0.422,0.502
"2989",20093,0.478978495,0.459301075
"2990",34029,0.546,0.454
"2991",48239,0.706,0.249
"2992",40131,0.396,0.529
"2993",16047,0.364,0.636
"2994",48129,0.478,0.507
"2995",30089,0.384,0.558
"2996",28033,0.733,0.263
"2997",46117,0.482,0.518
"2998",28125,0.914,0.081
"2999",19041,0.494,0.506
"3000",41017,0.467,0.533
"3001",48235,0.651,0.326
"3002",36027,0.485,0.515
"3003",20043,0.478978495,0.459301075
"3004",19181,0.553,0.433
"3005",51550,0.741,0.255
"3006",18065,0.455,0.545
"3007",18077,0.529,0.471
"3008",48013,0.717,0.253
"3009",46015,0.454,0.546
"3010",50025,0.120103167,0.869893076
"3011",39001,0.568,0.413
"3012",40019,0.323,0.55
"3013",20087,0.478978495,0.459301075
"3014",13025,0.491,0.441
"3015",31063,0.643,0.357
"3016",19195,0.454,0.546
"3017",51540,0.464,0.533
"3018",31031,0.645,0.355
"3019",21003,0.46,0.474
"3020",11003,0.779895432,0.21008905
"3021",27013,0.525,0.445
"3022",2290,0.231189889,0.76878545
"3023",6011,0.512,0.458
"3024",21023,0.325,0.549
"3025",18181,0.437,0.563
"3026",8097,0.453,0.547
"3027",19069,0.568,0.422
"3028",38013,0.444583333,0.477083333
"3029",1017,0.886,0.095
"3030",48439,0.651,0.342
"3031",40037,0.42,0.509
"3032",51830,0.491,0.507
"3033",55043,0.402,0.593
"3034",6067,0.569,0.421
"3035",48197,0.394,0.489
"3036",18081,0.402,0.598
"3037",25021,0.529932023,0.450144041
"3038",40039,0.336,0.571
"3039",12091,0.52,0.431
"3040",18161,0.5,0.5
"3041",33015,0.423472889,0.576527111
"3042",30037,0.386,0.414
"3043",48133,0.557,0.397
"3044",35059,0.448,0.552
"3045",48131,0.762,0.175
"3046",45085,0.866,0.127
"3047",6079,0.506,0.486
"3048",17075,0.375,0.606
"3049",48111,0.615,0.333
"3050",1039,0.773,0.197
"3051",18021,0.47,0.53
"3052",2068,0.167826087,0.829565217
"3053",22099,0.665,0.246
"3054",20115,0.478978495,0.459301075
"3055",39113,0.594,0.401
"3056",6069,0.577,0.41
"3057",18139,0.426,0.574
"3058",48073,0.742,0.242
"3059",18029,0.527,0.473
"3060",20049,0.478978495,0.459301075
"3061",16059,0.181,0.755
"3062",20157,0.478978495,0.459301075
"3063",51690,0.753,0.238
"3064",39029,0.526,0.458
"3065",4017,0.597,0.354
"3066",37039,0.439,0.437
"3067",48057,0.675,0.28
"3068",21055,0.356,0.51
"3069",28021,0.903,0.09
"3070",17001,0.507,0.472
"3071",53013,0.231,0.769
"3072",48079,0.5,0.375
"3073",35001,0.491,0.509
"3074",31047,0.312,0.688
"3075",11017,0.779895432,0.21008905
"3076",51059,0.63,0.364
"3077",55037,0.369,0.618
"3078",4012,0.517,0.433
"3079",8117,0.395,0.6
"3080",30021,0.464,0.47
"3081",40117,0.405,0.511
"3082",47037,0.653,0.338
"3083",54069,0.389,0.53
"3084",21201,0.32,0.596
"3085",17051,0.48,0.499
"3086",13291,0.563,0.41
"3087",37075,0.443,0.407
"3088",37071,0.541,0.403
"3089",55041,0.481,0.511
"3090",38083,0.444583333,0.477083333
"3091",2198,0.188924188,0.811054152
"3092",48209,0.469,0.518
"3093",51053,0.833,0.161
"3094",46063,0.259,0.741
"3095",51069,0.505,0.488
"3096",40091,0.402,0.496
"3097",31169,0.69,0.31
"3098",21189,0.433,0.511
"3099",55095,0.463,0.527
"3100",18035,0.443,0.557
"3101",19075,0.467,0.518
"3102",32011,0.136,0.864
"3103",20059,0.478978495,0.459301075
"3104",29071,0.429,0.554
"3105",48151,0.533,0.344
"3106",38109,0.444583333,0.477083333
"3107",26115,0.472,0.481
"3108",47189,0.641,0.348
"3109",36019,0.265,0.735
"3110",20053,0.47,0.483333333
"3111",20055,0.445,0.455
"3112",5089,0.556,0.415
"3113",12017,0.563,0.392
"3114",48345,0.684,0.316
"3115",47125,0.652,0.332
"3116",18001,0.49,0.51
"3117",39003,0.566,0.421
"3118",17119,0.446,0.545
"3119",36071,0.515,0.485
"3120",12085,0.598,0.376
"3121",24047,0.558,0.36
"3122",20039,0.478978495,0.459301075
"3123",20159,0.45,0.47
"3124",53075,0.204,0.796
"3125",27003,0.486666667,0.443333333
"3126",26035,0.458,0.52
"3127",38047,0.444583333,0.477083333
"3128",18173,0.46,0.54
"3129",13081,0.801,0.189
"3130",48253,0.634,0.344
"3131",21053,0.579,0.356
"3132",22039,0.631,0.238
"3133",56017,0.5,0.5
"3134",17147,0.43,0.555
"3135",20201,0.478978495,0.459301075
"3136",46033,0.47,0.53
"3137",30031,0.41,0.57
"3138",51075,0.716,0.282
"3139",22041,0.655,0.22
"3140",5021,0.52,0.355
"3141",12055,0.614,0.34
"3142",35019,0.547,0.453
"3143",54021,0.283,0.53
"3144",48107,0.582,0.404
"3145",12031,0.672,0.306
"3146",8023,0.566,0.204
"3147",49009,0.067,0.867
"3148",5067,0.73,0.234
"3149",18075,0.496,0.504
"3150",18049,0.465,0.535
"3151",40067,0.294,0.517
"3152",27107,0.465952381,0.464285714
"3153",21191,0.366,0.515
"3154",30103,0.425,0.538
"3155",49057,0.169,0.828
"3156",28145,0.713,0.268
"3157",16039,0.328,0.664
"3158",48379,0.643,0.331
"3159",55051,0.439,0.546
"3160",38091,0.444583333,0.477083333
"3161",29159,0.448,0.535
"3162",54085,0.329,0.58
"3163",38063,0.444583333,0.477083333
"3164",12103,0.603,0.376
"3165",20199,0.478978495,0.459301075
"3166",21205,0.44,0.512
"3167",48407,0.72,0.248
"3168",31145,0.352,0.648
"3169",45075,0.887,0.11
"3170",26129,0.462,0.497
"3171",19171,0.529,0.471
"3172",20129,0.478978495,0.459301075
"3173",22093,0.822,0.126
"3174",21103,0.406,0.498
"3175",31133,0.725,0.275
"3176",48205,0.558,0.365
"3177",21167,0.391,0.526
"3178",6107,0.581,0.399
"3179",21239,0.463,0.477
"3180",42079,0.52,0.469
"3181",27143,0.465952381,0.464285714
"3182",37145,0.51,0.371
"3183",21061,0.495,0.471
"3184",13171,0.799,0.191
"3185",39145,0.537,0.446
"3186",55119,0.397,0.596
"3187",30077,0.418,0.512
"3188",51181,0.818,0.175
"3189",5039,0.568,0.296
"3190",39143,0.534,0.457
"3191",48177,0.723,0.253
"3192",18023,0.409,0.591
"3193",17025,0.449,0.521
"3194",28029,0.882,0.107
"3195",47033,0.785,0.191
"3196",5113,0.544,0.424
"3197",22103,0.572,0.363
